#スキル系統,発動スキル,必要ポイント,カテゴリ,効果,系統番号,仮番号,コスト,基本説明,効果検索用テキスト
攻撃,攻撃Lv1,1,パラメータ変化,攻撃力+3,1,10,15,プレイヤーの基礎攻撃力を高める。,攻撃 攻撃Lv1 プレイヤーの基礎攻撃力を高める。 攻撃力+3
攻撃,攻撃Lv2,2,パラメータ変化,攻撃力+6,1,10,15,プレイヤーの基礎攻撃力を高める。,攻撃 攻撃Lv2 プレイヤーの基礎攻撃力を高める。 攻撃力+6
攻撃,攻撃Lv3,3,パラメータ変化,攻撃力+9,1,10,15,プレイヤーの基礎攻撃力を高める。,攻撃 攻撃Lv3 プレイヤーの基礎攻撃力を高める。 攻撃力+9
攻撃,攻撃Lv4,4,パラメータ変化,攻撃力を1.05倍し、攻撃力に+7,1,10,15,プレイヤーの基礎攻撃力を高める。,攻撃 攻撃Lv4 プレイヤーの基礎攻撃力を高める。 攻撃力を1.05倍し、攻撃力に+7
攻撃,攻撃Lv5,5,パラメータ変化,攻撃力を1.06倍し、攻撃力に+8,1,10,15,プレイヤーの基礎攻撃力を高める。,攻撃 攻撃Lv5 プレイヤーの基礎攻撃力を高める。 攻撃力を1.06倍し、攻撃力に+8
攻撃,攻撃Lv6,6,パラメータ変化,攻撃力を1.08倍し、攻撃力に+9,1,10,15,プレイヤーの基礎攻撃力を高める。,攻撃 攻撃Lv6 プレイヤーの基礎攻撃力を高める。 攻撃力を1.08倍し、攻撃力に+9
攻撃,攻撃Lv7,7,パラメータ変化,攻撃力を1.1倍し、攻撃力に+10,1,10,15,プレイヤーの基礎攻撃力を高める。,攻撃 攻撃Lv7 プレイヤーの基礎攻撃力を高める。 攻撃力を1.1倍し、攻撃力に+10
挑戦者,挑戦者Lv1,1,戦闘(攻撃),戦闘中の大型モンスターが怒ると、基礎攻撃力+4、会心率+3%,2,20,12,大型モンスターが怒っている間、攻撃力と会心率を高める。,挑戦者 挑戦者Lv1 大型モンスターが怒っている間、攻撃力と会心率を高める。 戦闘中の大型モンスターが怒ると、基礎攻撃力+4、会心率+3%
挑戦者,挑戦者Lv2,2,戦闘(攻撃),戦闘中の大型モンスターが怒ると、基礎攻撃力+8、会心率+5%,2,20,12,大型モンスターが怒っている間、攻撃力と会心率を高める。,挑戦者 挑戦者Lv2 大型モンスターが怒っている間、攻撃力と会心率を高める。 戦闘中の大型モンスターが怒ると、基礎攻撃力+8、会心率+5%
挑戦者,挑戦者Lv3,3,戦闘(攻撃),戦闘中の大型モンスターが怒ると、基礎攻撃力+12、会心率+7%,2,20,12,大型モンスターが怒っている間、攻撃力と会心率を高める。,挑戦者 挑戦者Lv3 大型モンスターが怒っている間、攻撃力と会心率を高める。 戦闘中の大型モンスターが怒ると、基礎攻撃力+12、会心率+7%
挑戦者,挑戦者Lv4,4,戦闘(攻撃),戦闘中の大型モンスターが怒ると、基礎攻撃力+16、会心率+10%,2,20,12,大型モンスターが怒っている間、攻撃力と会心率を高める。,挑戦者 挑戦者Lv4 大型モンスターが怒っている間、攻撃力と会心率を高める。 戦闘中の大型モンスターが怒ると、基礎攻撃力+16、会心率+10%
挑戦者,挑戦者Lv5,5,戦闘(攻撃),戦闘中の大型モンスターが怒ると、基礎攻撃力+20、会心率+15%,2,20,12,大型モンスターが怒っている間、攻撃力と会心率を高める。,挑戦者 挑戦者Lv5 大型モンスターが怒っている間、攻撃力と会心率を高める。 戦闘中の大型モンスターが怒ると、基礎攻撃力+20、会心率+15%
攻勢,攻勢Lv1,1,戦闘(攻撃),毒、麻痺、属性やられ状態の大型モンスターに攻撃を当てた際、攻撃力と会心率が上がる,,,9,毒・麻痺・属性やられ状態の大型モンスターへの攻撃時、攻撃力と会心率を高める。,攻勢 攻勢Lv1 毒・麻痺・属性やられ状態の大型モンスターへの攻撃時、攻撃力と会心率を高める。 毒、麻痺、属性やられ状態の大型モンスターに攻撃を当てた際、攻撃力と会心率が上がる
攻勢,攻勢Lv2,2,戦闘(攻撃),毒、麻痺、属性やられ状態の大型モンスターに攻撃を当てた際、攻撃力と会心率が上がる,,,9,毒・麻痺・属性やられ状態の大型モンスターへの攻撃時、攻撃力と会心率を高める。,攻勢 攻勢Lv2 毒・麻痺・属性やられ状態の大型モンスターへの攻撃時、攻撃力と会心率を高める。 毒、麻痺、属性やられ状態の大型モンスターに攻撃を当てた際、攻撃力と会心率が上がる
攻勢,攻勢Lv3,3,戦闘(攻撃),毒、麻痺、属性やられ状態の大型モンスターに攻撃を当てた際、攻撃力と会心率が上がる,,,9,毒・麻痺・属性やられ状態の大型モンスターへの攻撃時、攻撃力と会心率を高める。,攻勢 攻勢Lv3 毒・麻痺・属性やられ状態の大型モンスターへの攻撃時、攻撃力と会心率を高める。 毒、麻痺、属性やられ状態の大型モンスターに攻撃を当てた際、攻撃力と会心率が上がる
フルチャージ,フルチャージLv1,1,戦闘(攻撃),体力が最大の時、基礎攻撃力+5,3,30,12,体力最大時に攻撃力を高める。,フルチャージ フルチャージLv1 体力最大時に攻撃力を高める。 体力が最大の時、基礎攻撃力+5
フルチャージ,フルチャージLv2,2,戦闘(攻撃),体力が最大の時、基礎攻撃力+10,3,30,12,体力最大時に攻撃力を高める。,フルチャージ フルチャージLv2 体力最大時に攻撃力を高める。 体力が最大の時、基礎攻撃力+10
フルチャージ,フルチャージLv3,3,戦闘(攻撃),体力が最大の時、基礎攻撃力+20,3,30,12,体力最大時に攻撃力を高める。,フルチャージ フルチャージLv3 体力最大時に攻撃力を高める。 体力が最大の時、基礎攻撃力+20
逆恨み,逆恨みLv1,1,戦闘(攻撃),体力ゲージに赤い部分がある間、基礎攻撃力+5,4,40,12,体力ゲージに赤い部分がある間、攻撃力を高める。,逆恨み 逆恨みLv1 体力ゲージに赤い部分がある間、攻撃力を高める。 体力ゲージに赤い部分がある間、基礎攻撃力+5
逆恨み,逆恨みLv2,2,戦闘(攻撃),体力ゲージに赤い部分がある間、基礎攻撃力+10,4,40,12,体力ゲージに赤い部分がある間、攻撃力を高める。,逆恨み 逆恨みLv2 体力ゲージに赤い部分がある間、攻撃力を高める。 体力ゲージに赤い部分がある間、基礎攻撃力+10
逆恨み,逆恨みLv3,3,戦闘(攻撃),体力ゲージに赤い部分がある間、基礎攻撃力+15,4,40,12,体力ゲージに赤い部分がある間、攻撃力を高める。,逆恨み 逆恨みLv3 体力ゲージに赤い部分がある間、攻撃力を高める。 体力ゲージに赤い部分がある間、基礎攻撃力+15
逆恨み,逆恨みLv4,4,戦闘(攻撃),体力ゲージに赤い部分がある間、基礎攻撃力+20,4,40,12,体力ゲージに赤い部分がある間、攻撃力を高める。,逆恨み 逆恨みLv4 体力ゲージに赤い部分がある間、攻撃力を高める。 体力ゲージに赤い部分がある間、基礎攻撃力+20
逆恨み,逆恨みLv5,5,戦闘(攻撃),体力ゲージに赤い部分がある間、基礎攻撃力+25,4,40,12,体力ゲージに赤い部分がある間、攻撃力を高める。,逆恨み 逆恨みLv5 体力ゲージに赤い部分がある間、攻撃力を高める。 体力ゲージに赤い部分がある間、基礎攻撃力+25
死中に活,死中に活Lv1,1,戦闘(攻撃),状態異常中は攻撃力が上がる。スキル発動中、攻撃力+5,5,50,12,状態異常中に攻撃力を高める。,死中に活 死中に活Lv1 状態異常中に攻撃力を高める。 状態異常中は攻撃力が上がる。スキル発動中、攻撃力+5
死中に活,死中に活Lv2,2,戦闘(攻撃),状態異常中は攻撃力が上がる。スキル発動中、攻撃力+10,5,50,12,状態異常中に攻撃力を高める。,死中に活 死中に活Lv2 状態異常中に攻撃力を高める。 状態異常中は攻撃力が上がる。スキル発動中、攻撃力+10
死中に活,死中に活Lv3,3,戦闘(攻撃),状態異常中は攻撃力が上がる。スキル発動中、攻撃力+20,5,50,12,状態異常中に攻撃力を高める。,死中に活 死中に活Lv3 状態異常中に攻撃力を高める。 状態異常中は攻撃力が上がる。スキル発動中、攻撃力+20
逆襲,逆襲Lv1,1,戦闘(攻撃),ふきとばされた後は、一定時間攻撃力がある。スキル発動時、攻撃力+10,91,910,6,吹き飛ばされた後、一定時間攻撃力を高める。,逆襲 逆襲Lv1 吹き飛ばされた後、一定時間攻撃力を高める。 ふきとばされた後は、一定時間攻撃力がある。スキル発動時、攻撃力+10
逆襲,逆襲Lv2,2,戦闘(攻撃),ふきとばされた後は、一定時間攻撃力がある。スキル発動時、攻撃力+15,91,910,6,吹き飛ばされた後、一定時間攻撃力を高める。,逆襲 逆襲Lv2 吹き飛ばされた後、一定時間攻撃力を高める。 ふきとばされた後は、一定時間攻撃力がある。スキル発動時、攻撃力+15
逆襲,逆襲Lv3,3,戦闘(攻撃),ふきとばされた後は、一定時間攻撃力がある。スキル発動時、攻撃力+25,91,910,6,吹き飛ばされた後、一定時間攻撃力を高める。,逆襲 逆襲Lv3 吹き飛ばされた後、一定時間攻撃力を高める。 ふきとばされた後は、一定時間攻撃力がある。スキル発動時、攻撃力+25
巧撃,巧撃Lv1,1,戦闘(攻撃),回避時、タイミングよくモンスターの攻撃が重なると、一定時間攻撃力が上がる,,,9,回避でモンスターの攻撃をタイミングよくかわすと、一定時間攻撃力を高める。,巧撃 巧撃Lv1 回避でモンスターの攻撃をタイミングよくかわすと、一定時間攻撃力を高める。 回避時、タイミングよくモンスターの攻撃が重なると、一定時間攻撃力が上がる
巧撃,巧撃Lv2,2,戦闘(攻撃),回避時、タイミングよくモンスターの攻撃が重なると、一定時間攻撃力が上がる,,,9,回避でモンスターの攻撃をタイミングよくかわすと、一定時間攻撃力を高める。,巧撃 巧撃Lv2 回避でモンスターの攻撃をタイミングよくかわすと、一定時間攻撃力を高める。 回避時、タイミングよくモンスターの攻撃が重なると、一定時間攻撃力が上がる
巧撃,巧撃Lv3,3,戦闘(攻撃),回避時、タイミングよくモンスターの攻撃が重なると、一定時間攻撃力が上がる,,,9,回避でモンスターの攻撃をタイミングよくかわすと、一定時間攻撃力を高める。,巧撃 巧撃Lv3 回避でモンスターの攻撃をタイミングよくかわすと、一定時間攻撃力を高める。 回避時、タイミングよくモンスターの攻撃が重なると、一定時間攻撃力が上がる
火事場力,火事場力Lv1,1,戦闘(攻撃),体力が最大値の35%以下の時に防御力+50,81,810,9,体力が一定以下になると防御力と攻撃力を高める。,火事場力 火事場力Lv1 体力が一定以下になると防御力と攻撃力を高める。 体力が最大値の35%以下の時に防御力+50
火事場力,火事場力Lv2,2,戦闘(攻撃),体力が最大値の35%以下の時に攻撃力1.05倍、防御力+50,81,810,9,体力が一定以下になると防御力と攻撃力を高める。,火事場力 火事場力Lv2 体力が一定以下になると防御力と攻撃力を高める。 体力が最大値の35%以下の時に攻撃力1.05倍、防御力+50
火事場力,火事場力Lv3,3,戦闘(攻撃),体力が最大値の35%以下の時に攻撃力1.05倍、防御力+100,81,810,9,体力が一定以下になると防御力と攻撃力を高める。,火事場力 火事場力Lv3 体力が一定以下になると防御力と攻撃力を高める。 体力が最大値の35%以下の時に攻撃力1.05倍、防御力+100
火事場力,火事場力Lv4,4,戦闘(攻撃),体力が最大値の35%以下の時に攻撃力1.1倍、防御力+100,81,810,9,体力が一定以下になると防御力と攻撃力を高める。,火事場力 火事場力Lv4 体力が一定以下になると防御力と攻撃力を高める。 体力が最大値の35%以下の時に攻撃力1.1倍、防御力+100
火事場力,火事場力Lv5,5,戦闘(攻撃),体力が最大値の35%以下の時に攻撃力1.3倍,81,810,9,体力が一定以下になると防御力と攻撃力を高める。,火事場力 火事場力Lv5 体力が一定以下になると防御力と攻撃力を高める。 体力が最大値の35%以下の時に攻撃力1.3倍
不屈,不屈Lv1,1,戦闘(攻撃),1回力尽きるごとに攻撃力1.1倍、防御力1.15倍,82,820,3,力尽きるたびに攻撃力と防御力を高める。,不屈 不屈Lv1 力尽きるたびに攻撃力と防御力を高める。 1回力尽きるごとに攻撃力1.1倍、防御力1.15倍
見切り,見切りLv1,1,戦闘(攻撃),会心率+5%,6,60,15,会心率を高める。,見切り 見切りLv1 会心率を高める。 会心率+5%
見切り,見切りLv2,2,戦闘(攻撃),会心率+10%,6,60,15,会心率を高める。,見切り 見切りLv2 会心率を高める。 会心率+10%
見切り,見切りLv3,3,戦闘(攻撃),会心率+15%,6,60,15,会心率を高める。,見切り 見切りLv3 会心率を高める。 会心率+15%
見切り,見切りLv4,4,戦闘(攻撃),会心率+20%,6,60,15,会心率を高める。,見切り 見切りLv4 会心率を高める。 会心率+20%
見切り,見切りLv5,5,戦闘(攻撃),会心率+25%,6,60,15,会心率を高める。,見切り 見切りLv5 会心率を高める。 会心率+25%
見切り,見切りLv6,6,戦闘(攻撃),会心率+30%,6,60,15,会心率を高める。,見切り 見切りLv6 会心率を高める。 会心率+30%
見切り,見切りLv7,7,戦闘(攻撃),会心率+40%,6,60,15,会心率を高める。,見切り 見切りLv7 会心率を高める。 会心率+40%
超会心,超会心Lv1,1,戦闘(攻撃),会心攻撃のダメージ倍率を1.3倍に強化する,7,70,15,会心攻撃のダメージ倍率を高める。,超会心 超会心Lv1 会心攻撃のダメージ倍率を高める。 会心攻撃のダメージ倍率を1.3倍に強化する
超会心,超会心Lv2,2,戦闘(攻撃),会心攻撃のダメージ倍率を1.35倍に強化する,7,70,15,会心攻撃のダメージ倍率を高める。,超会心 超会心Lv2 会心攻撃のダメージ倍率を高める。 会心攻撃のダメージ倍率を1.35倍に強化する
超会心,超会心Lv3,3,戦闘(攻撃),会心攻撃のダメージ倍率を1.4倍に強化する,7,70,15,会心攻撃のダメージ倍率を高める。,超会心 超会心Lv3 会心攻撃のダメージ倍率を高める。 会心攻撃のダメージ倍率を1.4倍に強化する
弱点特効,弱点特効Lv1,1,戦闘(攻撃),有効部位への攻撃時、会心率+15％,8,80,15,肉質が有効な部位を攻撃した際の会心率を高める。,弱点特効 弱点特効Lv1 肉質が有効な部位を攻撃した際の会心率を高める。 有効部位への攻撃時、会心率+15％
弱点特効,弱点特効Lv2,2,戦闘(攻撃),有効部位への攻撃時、会心率+30％,8,80,15,肉質が有効な部位を攻撃した際の会心率を高める。,弱点特効 弱点特効Lv2 肉質が有効な部位を攻撃した際の会心率を高める。 有効部位への攻撃時、会心率+30％
弱点特効,弱点特効Lv3,3,戦闘(攻撃),有効部位への攻撃時、会心率+50％,8,80,15,肉質が有効な部位を攻撃した際の会心率を高める。,弱点特効 弱点特効Lv3 肉質が有効な部位を攻撃した際の会心率を高める。 有効部位への攻撃時、会心率+50％
力の解放,力の解放Lv1,1,戦闘(攻撃),特定の条件を満たすと、一定時間会心率+10%、固定スタミナ消費量30%軽減,9,90,12,条件を満たすと一定時間会心率を上げ、固定スタミナ消費行動を軽減する。,力の解放 力の解放Lv1 条件を満たすと一定時間会心率を上げ、固定スタミナ消費行動を軽減する。 特定の条件を満たすと、一定時間会心率+10%、固定スタミナ消費量30%軽減
力の解放,力の解放Lv2,2,戦闘(攻撃),特定の条件を満たすと、一定時間会心率+20%、固定スタミナ消費量30%軽減,9,90,12,条件を満たすと一定時間会心率を上げ、固定スタミナ消費行動を軽減する。,力の解放 力の解放Lv2 条件を満たすと一定時間会心率を上げ、固定スタミナ消費行動を軽減する。 特定の条件を満たすと、一定時間会心率+20%、固定スタミナ消費量30%軽減
力の解放,力の解放Lv3,3,戦闘(攻撃),特定の条件を満たすと、一定時間会心率+30%、固定スタミナ消費量50%軽減,9,90,12,条件を満たすと一定時間会心率を上げ、固定スタミナ消費行動を軽減する。,力の解放 力の解放Lv3 条件を満たすと一定時間会心率を上げ、固定スタミナ消費行動を軽減する。 特定の条件を満たすと、一定時間会心率+30%、固定スタミナ消費量50%軽減
力の解放,力の解放Lv4,4,戦闘(攻撃),特定の条件を満たすと、一定時間会心率+40%、固定スタミナ消費量50%軽減,9,90,12,条件を満たすと一定時間会心率を上げ、固定スタミナ消費行動を軽減する。,力の解放 力の解放Lv4 条件を満たすと一定時間会心率を上げ、固定スタミナ消費行動を軽減する。 特定の条件を満たすと、一定時間会心率+40%、固定スタミナ消費量50%軽減
力の解放,力の解放Lv5,5,戦闘(攻撃),特定の条件を満たすと、一定時間会心率+50%、固定スタミナ消費量50%軽減,9,90,12,条件を満たすと一定時間会心率を上げ、固定スタミナ消費行動を軽減する。,力の解放 力の解放Lv5 条件を満たすと一定時間会心率を上げ、固定スタミナ消費行動を軽減する。 特定の条件を満たすと、一定時間会心率+50%、固定スタミナ消費量50%軽減
渾身,渾身Lv1,1,戦闘(攻撃),スタミナゲージが満タン状態を5秒間維持すれば、会心率+10%,10,100,12,スタミナ満タンを一定時間維持すると会心率を高める。,渾身 渾身Lv1 スタミナ満タンを一定時間維持すると会心率を高める。 スタミナゲージが満タン状態を5秒間維持すれば、会心率+10%
渾身,渾身Lv2,2,戦闘(攻撃),スタミナゲージが満タン状態を5秒間維持すれば、会心率+20%,10,100,12,スタミナ満タンを一定時間維持すると会心率を高める。,渾身 渾身Lv2 スタミナ満タンを一定時間維持すると会心率を高める。 スタミナゲージが満タン状態を5秒間維持すれば、会心率+20%
渾身,渾身Lv3,3,戦闘(攻撃),スタミナゲージが満タン状態を5秒間維持すれば、会心率+30%,10,100,12,スタミナ満タンを一定時間維持すると会心率を高める。,渾身 渾身Lv3 スタミナ満タンを一定時間維持すると会心率を高める。 スタミナゲージが満タン状態を5秒間維持すれば、会心率+30%
連撃,連撃Lv1,1,戦闘(攻撃),攻撃を当て続けることで、段階的に攻撃力、属性値が上がる(上昇効果は武器種ごとに異なる),,,12,攻撃を当て続けることで攻撃力・属性値を段階的に高める。,連撃 連撃Lv1 攻撃を当て続けることで攻撃力・属性値を段階的に高める。 攻撃を当て続けることで、段階的に攻撃力、属性値が上がる(上昇効果は武器種ごとに異なる)
連撃,連撃Lv2,2,戦闘(攻撃),攻撃を当て続けることで、段階的に攻撃力、属性値が上がる(上昇効果は武器種ごとに異なる),,,12,攻撃を当て続けることで攻撃力・属性値を段階的に高める。,連撃 連撃Lv2 攻撃を当て続けることで攻撃力・属性値を段階的に高める。 攻撃を当て続けることで、段階的に攻撃力、属性値が上がる(上昇効果は武器種ごとに異なる)
連撃,連撃Lv3,3,戦闘(攻撃),攻撃を当て続けることで、段階的に攻撃力、属性値が上がる(上昇効果は武器種ごとに異なる),,,12,攻撃を当て続けることで攻撃力・属性値を段階的に高める。,連撃 連撃Lv3 攻撃を当て続けることで攻撃力・属性値を段階的に高める。 攻撃を当て続けることで、段階的に攻撃力、属性値が上がる(上昇効果は武器種ごとに異なる)
闇討ち,闇討ちLv1,1,戦闘(攻撃),大型モンスターに背後から攻撃を当てると、ダメージが増加する,,,12,大型モンスターを背後から攻撃した際のダメージを高める。,闇討ち 闇討ちLv1 大型モンスターを背後から攻撃した際のダメージを高める。 大型モンスターに背後から攻撃を当てると、ダメージが増加する
闇討ち,闇討ちLv2,2,戦闘(攻撃),大型モンスターに背後から攻撃を当てると、ダメージが増加する,,,12,大型モンスターを背後から攻撃した際のダメージを高める。,闇討ち 闇討ちLv2 大型モンスターを背後から攻撃した際のダメージを高める。 大型モンスターに背後から攻撃を当てると、ダメージが増加する
闇討ち,闇討ちLv3,3,戦闘(攻撃),大型モンスターに背後から攻撃を当てると、ダメージが増加する,,,12,大型モンスターを背後から攻撃した際のダメージを高める。,闇討ち 闇討ちLv3 大型モンスターを背後から攻撃した際のダメージを高める。 大型モンスターに背後から攻撃を当てると、ダメージが増加する
狂竜症【蝕】,狂竜症【蝕】Lv1,1,戦闘(攻撃),狂竜症の効果が変質し、感染時に体力が徐々に減少するが、様々な効果を得る。戦闘状態だと定期的に狂竜症に感染する。,,,12,狂竜症を変質させ、体力を徐々に失う代わりに攻撃性能などを得る。戦闘中は定期的に狂竜症へ感染する。,狂竜症【蝕】 狂竜症【蝕】Lv1 狂竜症を変質させ、体力を徐々に失う代わりに攻撃性能などを得る。戦闘中は定期的に狂竜症へ感染する。 狂竜症の効果が変質し、感染時に体力が徐々に減少するが、様々な効果を得る。戦闘状態だと定期的に狂竜症に感染する。
狂竜症【蝕】,狂竜症【蝕】Lv2,2,戦闘(攻撃),狂竜症の効果が変質し、感染時に体力が徐々に減少するが、様々な効果を得る。戦闘状態だと定期的に狂竜症に感染する。,,,12,狂竜症を変質させ、体力を徐々に失う代わりに攻撃性能などを得る。戦闘中は定期的に狂竜症へ感染する。,狂竜症【蝕】 狂竜症【蝕】Lv2 狂竜症を変質させ、体力を徐々に失う代わりに攻撃性能などを得る。戦闘中は定期的に狂竜症へ感染する。 狂竜症の効果が変質し、感染時に体力が徐々に減少するが、様々な効果を得る。戦闘状態だと定期的に狂竜症に感染する。
狂竜症【蝕】,狂竜症【蝕】Lv3,3,戦闘(攻撃),狂竜症の効果が変質し、感染時に体力が徐々に減少するが、様々な効果を得る。戦闘状態だと定期的に狂竜症に感染する。,,,12,狂竜症を変質させ、体力を徐々に失う代わりに攻撃性能などを得る。戦闘中は定期的に狂竜症へ感染する。,狂竜症【蝕】 狂竜症【蝕】Lv3 狂竜症を変質させ、体力を徐々に失う代わりに攻撃性能などを得る。戦闘中は定期的に狂竜症へ感染する。 狂竜症の効果が変質し、感染時に体力が徐々に減少するが、様々な効果を得る。戦闘状態だと定期的に狂竜症に感染する。
災禍転福,災禍転福Lv1,1,戦闘(攻撃),状態異常や属性やられを解除すると30秒間、攻撃性能が上がる,,,12,状態異常や属性やられを解除すると、一定時間攻撃性能を高める。,災禍転福 災禍転福Lv1 状態異常や属性やられを解除すると、一定時間攻撃性能を高める。 状態異常や属性やられを解除すると30秒間、攻撃性能が上がる
災禍転福,災禍転福Lv2,2,戦闘(攻撃),状態異常や属性やられを解除すると30秒間、攻撃性能が上がる,,,12,状態異常や属性やられを解除すると、一定時間攻撃性能を高める。,災禍転福 災禍転福Lv2 状態異常や属性やられを解除すると、一定時間攻撃性能を高める。 状態異常や属性やられを解除すると30秒間、攻撃性能が上がる
災禍転福,災禍転福Lv3,3,戦闘(攻撃),状態異常や属性やられを解除すると30秒間、攻撃性能が上がる,,,12,状態異常や属性やられを解除すると、一定時間攻撃性能を高める。,災禍転福 災禍転福Lv3 状態異常や属性やられを解除すると、一定時間攻撃性能を高める。 状態異常や属性やられを解除すると30秒間、攻撃性能が上がる
会心撃【属性】,会心撃【属性】Lv1,1,戦闘(属性・異常),攻撃で会心が発生した際に、与える属性ダメージが高くなる。効果発動時、属性ダメージ1.05倍,11,110,9,会心発生時の属性ダメージを高める。,会心撃【属性】 会心撃【属性】Lv1 会心発生時の属性ダメージを高める。 攻撃で会心が発生した際に、与える属性ダメージが高くなる。効果発動時、属性ダメージ1.05倍
会心撃【属性】,会心撃【属性】Lv2,2,戦闘(属性・異常),攻撃で会心が発生した際に、与える属性ダメージが高くなる。効果発動時、属性ダメージ1.1倍,11,110,9,会心発生時の属性ダメージを高める。,会心撃【属性】 会心撃【属性】Lv2 会心発生時の属性ダメージを高める。 攻撃で会心が発生した際に、与える属性ダメージが高くなる。効果発動時、属性ダメージ1.1倍
会心撃【属性】,会心撃【属性】Lv3,3,戦闘(属性・異常),攻撃で会心が発生した際に、与える属性ダメージが高くなる。効果発動時、属性ダメージ1.2倍,11,110,9,会心発生時の属性ダメージを高める。,会心撃【属性】 会心撃【属性】Lv3 会心発生時の属性ダメージを高める。 攻撃で会心が発生した際に、与える属性ダメージが高くなる。効果発動時、属性ダメージ1.2倍
火属性攻撃強化,火属性攻撃強化Lv1,1,戦闘(属性・異常),火属性攻撃値+2,12,120,3,火属性武器の属性値を強化する。,火属性攻撃強化 火属性攻撃強化Lv1 火属性武器の属性値を強化する。 火属性攻撃値+2
火属性攻撃強化,火属性攻撃強化Lv2,2,戦闘(属性・異常),火属性攻撃値+3,12,120,3,火属性武器の属性値を強化する。,火属性攻撃強化 火属性攻撃強化Lv2 火属性武器の属性値を強化する。 火属性攻撃値+3
火属性攻撃強化,火属性攻撃強化Lv3,3,戦闘(属性・異常),火属性攻撃値を1.05倍し、火属性攻撃値に+4,12,120,3,火属性武器の属性値を強化する。,火属性攻撃強化 火属性攻撃強化Lv3 火属性武器の属性値を強化する。 火属性攻撃値を1.05倍し、火属性攻撃値に+4
火属性攻撃強化,火属性攻撃強化Lv4,4,戦闘(属性・異常),火属性攻撃値を1.1倍し、火属性攻撃値に+4,12,120,3,火属性武器の属性値を強化する。,火属性攻撃強化 火属性攻撃強化Lv4 火属性武器の属性値を強化する。 火属性攻撃値を1.1倍し、火属性攻撃値に+4
火属性攻撃強化,火属性攻撃強化Lv5,5,戦闘(属性・異常),火属性攻撃値を1.2倍し、火属性攻撃値に+4,12,120,3,火属性武器の属性値を強化する。,火属性攻撃強化 火属性攻撃強化Lv5 火属性武器の属性値を強化する。 火属性攻撃値を1.2倍し、火属性攻撃値に+4
水属性攻撃強化,水属性攻撃強化Lv1,1,戦闘(属性・異常),水属性攻撃値+2,13,130,3,水属性武器の属性値を強化する。,水属性攻撃強化 水属性攻撃強化Lv1 水属性武器の属性値を強化する。 水属性攻撃値+2
水属性攻撃強化,水属性攻撃強化Lv2,2,戦闘(属性・異常),水属性攻撃値+3,13,130,3,水属性武器の属性値を強化する。,水属性攻撃強化 水属性攻撃強化Lv2 水属性武器の属性値を強化する。 水属性攻撃値+3
水属性攻撃強化,水属性攻撃強化Lv3,3,戦闘(属性・異常),水属性攻撃値を1.05倍し、水属性攻撃値に+4,13,130,3,水属性武器の属性値を強化する。,水属性攻撃強化 水属性攻撃強化Lv3 水属性武器の属性値を強化する。 水属性攻撃値を1.05倍し、水属性攻撃値に+4
水属性攻撃強化,水属性攻撃強化Lv4,4,戦闘(属性・異常),水属性攻撃値を1.1倍し、水属性攻撃値に+4,13,130,3,水属性武器の属性値を強化する。,水属性攻撃強化 水属性攻撃強化Lv4 水属性武器の属性値を強化する。 水属性攻撃値を1.1倍し、水属性攻撃値に+4
水属性攻撃強化,水属性攻撃強化Lv5,5,戦闘(属性・異常),水属性攻撃値を1.2倍し、水属性攻撃値に+4,13,130,3,水属性武器の属性値を強化する。,水属性攻撃強化 水属性攻撃強化Lv5 水属性武器の属性値を強化する。 水属性攻撃値を1.2倍し、水属性攻撃値に+4
氷属性攻撃強化,氷属性攻撃強化Lv1,1,戦闘(属性・異常),氷属性攻撃値+2,14,140,3,氷属性武器の属性値を強化する。,氷属性攻撃強化 氷属性攻撃強化Lv1 氷属性武器の属性値を強化する。 氷属性攻撃値+2
氷属性攻撃強化,氷属性攻撃強化Lv2,2,戦闘(属性・異常),氷属性攻撃値+3,14,140,3,氷属性武器の属性値を強化する。,氷属性攻撃強化 氷属性攻撃強化Lv2 氷属性武器の属性値を強化する。 氷属性攻撃値+3
氷属性攻撃強化,氷属性攻撃強化Lv3,3,戦闘(属性・異常),氷属性攻撃値を1.05倍し、氷属性攻撃値に+4,14,140,3,氷属性武器の属性値を強化する。,氷属性攻撃強化 氷属性攻撃強化Lv3 氷属性武器の属性値を強化する。 氷属性攻撃値を1.05倍し、氷属性攻撃値に+4
氷属性攻撃強化,氷属性攻撃強化Lv4,4,戦闘(属性・異常),氷属性攻撃値を1.1倍し、氷属性攻撃値に+4,14,140,3,氷属性武器の属性値を強化する。,氷属性攻撃強化 氷属性攻撃強化Lv4 氷属性武器の属性値を強化する。 氷属性攻撃値を1.1倍し、氷属性攻撃値に+4
氷属性攻撃強化,氷属性攻撃強化Lv5,5,戦闘(属性・異常),氷属性攻撃値を1.2倍し、氷属性攻撃値に+4,14,140,3,氷属性武器の属性値を強化する。,氷属性攻撃強化 氷属性攻撃強化Lv5 氷属性武器の属性値を強化する。 氷属性攻撃値を1.2倍し、氷属性攻撃値に+4
雷属性攻撃強化,雷属性攻撃強化Lv1,1,戦闘(属性・異常),雷属性攻撃値+2,15,150,3,雷属性武器の属性値を強化する。,雷属性攻撃強化 雷属性攻撃強化Lv1 雷属性武器の属性値を強化する。 雷属性攻撃値+2
雷属性攻撃強化,雷属性攻撃強化Lv2,2,戦闘(属性・異常),雷属性攻撃値+3,15,150,3,雷属性武器の属性値を強化する。,雷属性攻撃強化 雷属性攻撃強化Lv2 雷属性武器の属性値を強化する。 雷属性攻撃値+3
雷属性攻撃強化,雷属性攻撃強化Lv3,3,戦闘(属性・異常),雷属性攻撃値を1.05倍し、雷属性攻撃値に+4,15,150,3,雷属性武器の属性値を強化する。,雷属性攻撃強化 雷属性攻撃強化Lv3 雷属性武器の属性値を強化する。 雷属性攻撃値を1.05倍し、雷属性攻撃値に+4
雷属性攻撃強化,雷属性攻撃強化Lv4,4,戦闘(属性・異常),雷属性攻撃値を1.1倍し、雷属性攻撃値に+4,15,150,3,雷属性武器の属性値を強化する。,雷属性攻撃強化 雷属性攻撃強化Lv4 雷属性武器の属性値を強化する。 雷属性攻撃値を1.1倍し、雷属性攻撃値に+4
雷属性攻撃強化,雷属性攻撃強化Lv5,5,戦闘(属性・異常),雷属性攻撃値を1.2倍し、雷属性攻撃値に+4,15,150,3,雷属性武器の属性値を強化する。,雷属性攻撃強化 雷属性攻撃強化Lv5 雷属性武器の属性値を強化する。 雷属性攻撃値を1.2倍し、雷属性攻撃値に+4
龍属性攻撃強化,龍属性攻撃強化Lv1,1,戦闘(属性・異常),龍属性攻撃値+2,16,160,3,龍属性武器の属性値を強化する。,龍属性攻撃強化 龍属性攻撃強化Lv1 龍属性武器の属性値を強化する。 龍属性攻撃値+2
龍属性攻撃強化,龍属性攻撃強化Lv2,2,戦闘(属性・異常),龍属性攻撃値+3,16,160,3,龍属性武器の属性値を強化する。,龍属性攻撃強化 龍属性攻撃強化Lv2 龍属性武器の属性値を強化する。 龍属性攻撃値+3
龍属性攻撃強化,龍属性攻撃強化Lv3,3,戦闘(属性・異常),龍属性攻撃値を1.05倍し、龍属性攻撃値に+4,16,160,3,龍属性武器の属性値を強化する。,龍属性攻撃強化 龍属性攻撃強化Lv3 龍属性武器の属性値を強化する。 龍属性攻撃値を1.05倍し、龍属性攻撃値に+4
龍属性攻撃強化,龍属性攻撃強化Lv4,4,戦闘(属性・異常),龍属性攻撃値を1.1倍し、龍属性攻撃値に+4,16,160,3,龍属性武器の属性値を強化する。,龍属性攻撃強化 龍属性攻撃強化Lv4 龍属性武器の属性値を強化する。 龍属性攻撃値を1.1倍し、龍属性攻撃値に+4
龍属性攻撃強化,龍属性攻撃強化Lv5,5,戦闘(属性・異常),龍属性攻撃値を1.2倍し、龍属性攻撃値に+4,16,160,3,龍属性武器の属性値を強化する。,龍属性攻撃強化 龍属性攻撃強化Lv5 龍属性武器の属性値を強化する。 龍属性攻撃値を1.2倍し、龍属性攻撃値に+4
チャージマスター,チャージマスターLv1,1,戦闘(属性・異常),溜め攻撃をモンスターに当てた際、溜め攻撃の属性値と状態異常蓄積値が上がる,,,9,溜め攻撃命中時の属性値と状態異常蓄積値を高める。,チャージマスター チャージマスターLv1 溜め攻撃命中時の属性値と状態異常蓄積値を高める。 溜め攻撃をモンスターに当てた際、溜め攻撃の属性値と状態異常蓄積値が上がる
チャージマスター,チャージマスターLv2,2,戦闘(属性・異常),溜め攻撃をモンスターに当てた際、溜め攻撃の属性値と状態異常蓄積値が上がる,,,9,溜め攻撃命中時の属性値と状態異常蓄積値を高める。,チャージマスター チャージマスターLv2 溜め攻撃命中時の属性値と状態異常蓄積値を高める。 溜め攻撃をモンスターに当てた際、溜め攻撃の属性値と状態異常蓄積値が上がる
チャージマスター,チャージマスターLv3,3,戦闘(属性・異常),溜め攻撃をモンスターに当てた際、溜め攻撃の属性値と状態異常蓄積値が上がる,,,9,溜め攻撃命中時の属性値と状態異常蓄積値を高める。,チャージマスター チャージマスターLv3 溜め攻撃命中時の属性値と状態異常蓄積値を高める。 溜め攻撃をモンスターに当てた際、溜め攻撃の属性値と状態異常蓄積値が上がる
弱点特効【属性】,弱点特効【属性】Lv1,1,戦闘(攻撃),属性が有効な部位を攻撃した際、属性ダメージが増加,,,9,属性が有効な部位への属性ダメージを高める。,弱点特効【属性】 弱点特効【属性】Lv1 属性が有効な部位への属性ダメージを高める。 属性が有効な部位を攻撃した際、属性ダメージが増加
弱点特効【属性】,弱点特効【属性】Lv2,2,戦闘(攻撃),属性が有効な部位を攻撃した際、属性ダメージが増加,,,9,属性が有効な部位への属性ダメージを高める。,弱点特効【属性】 弱点特効【属性】Lv2 属性が有効な部位への属性ダメージを高める。 属性が有効な部位を攻撃した際、属性ダメージが増加
弱点特効【属性】,弱点特効【属性】Lv3,3,戦闘(攻撃),属性が有効な部位を攻撃した際、属性ダメージが増加,,,9,属性が有効な部位への属性ダメージを高める。,弱点特効【属性】 弱点特効【属性】Lv3 属性が有効な部位への属性ダメージを高める。 属性が有効な部位を攻撃した際、属性ダメージが増加
毒属性強化,毒属性強化Lv1,1,戦闘(属性・異常),毒の蓄積値を1.05倍し、毒の蓄積値に+1,17,170,6,毒属性の蓄積値を強化する。,毒属性強化 毒属性強化Lv1 毒属性の蓄積値を強化する。 毒の蓄積値を1.05倍し、毒の蓄積値に+1
毒属性強化,毒属性強化Lv2,2,戦闘(属性・異常),毒の蓄積値を1.1倍し、毒の蓄積値に+2,17,170,6,毒属性の蓄積値を強化する。,毒属性強化 毒属性強化Lv2 毒属性の蓄積値を強化する。 毒の蓄積値を1.1倍し、毒の蓄積値に+2
毒属性強化,毒属性強化Lv3,3,戦闘(属性・異常),毒の蓄積値を1.2倍し、毒の蓄積値に+5,17,170,6,毒属性の蓄積値を強化する。,毒属性強化 毒属性強化Lv3 毒属性の蓄積値を強化する。 毒の蓄積値を1.2倍し、毒の蓄積値に+5
麻痺属性強化,麻痺属性強化Lv1,1,戦闘(属性・異常),麻痺の蓄積値を1.05倍し、麻痺の蓄積値に+1,18,180,6,麻痺属性の蓄積値を強化する。,麻痺属性強化 麻痺属性強化Lv1 麻痺属性の蓄積値を強化する。 麻痺の蓄積値を1.05倍し、麻痺の蓄積値に+1
麻痺属性強化,麻痺属性強化Lv2,2,戦闘(属性・異常),麻痺の蓄積値を1.1倍し、麻痺の蓄積値に+2,18,180,6,麻痺属性の蓄積値を強化する。,麻痺属性強化 麻痺属性強化Lv2 麻痺属性の蓄積値を強化する。 麻痺の蓄積値を1.1倍し、麻痺の蓄積値に+2
麻痺属性強化,麻痺属性強化Lv3,3,戦闘(属性・異常),麻痺の蓄積値を1.2倍し、麻痺の蓄積値に+5,18,180,6,麻痺属性の蓄積値を強化する。,麻痺属性強化 麻痺属性強化Lv3 麻痺属性の蓄積値を強化する。 麻痺の蓄積値を1.2倍し、麻痺の蓄積値に+5
睡眠属性強化,睡眠属性強化Lv1,1,戦闘(属性・異常),睡眠の蓄積値を1.05倍し、睡眠の蓄積値に+1,19,190,6,睡眠属性の蓄積値を強化する。,睡眠属性強化 睡眠属性強化Lv1 睡眠属性の蓄積値を強化する。 睡眠の蓄積値を1.05倍し、睡眠の蓄積値に+1
睡眠属性強化,睡眠属性強化Lv2,2,戦闘(属性・異常),睡眠の蓄積値を1.1倍し、睡眠の蓄積値に+2,19,190,6,睡眠属性の蓄積値を強化する。,睡眠属性強化 睡眠属性強化Lv2 睡眠属性の蓄積値を強化する。 睡眠の蓄積値を1.1倍し、睡眠の蓄積値に+2
睡眠属性強化,睡眠属性強化Lv3,3,戦闘(属性・異常),睡眠の蓄積値を1.2倍し、睡眠の蓄積値に+5,19,190,6,睡眠属性の蓄積値を強化する。,睡眠属性強化 睡眠属性強化Lv3 睡眠属性の蓄積値を強化する。 睡眠の蓄積値を1.2倍し、睡眠の蓄積値に+5
爆破属性強化,爆破属性強化Lv1,1,戦闘(属性・異常),爆破の蓄積値を1.05倍し、爆破の蓄積値に+1,20,200,6,爆破属性の蓄積値を強化する。,爆破属性強化 爆破属性強化Lv1 爆破属性の蓄積値を強化する。 爆破の蓄積値を1.05倍し、爆破の蓄積値に+1
爆破属性強化,爆破属性強化Lv2,2,戦闘(属性・異常),爆破の蓄積値を1.1倍し、爆破の蓄積値に+2,20,200,6,爆破属性の蓄積値を強化する。,爆破属性強化 爆破属性強化Lv2 爆破属性の蓄積値を強化する。 爆破の蓄積値を1.1倍し、爆破の蓄積値に+2
爆破属性強化,爆破属性強化Lv3,3,戦闘(属性・異常),爆破の蓄積値を1.2倍し、爆破の蓄積値に+5,20,200,6,爆破属性の蓄積値を強化する。,爆破属性強化 爆破属性強化Lv3 爆破属性の蓄積値を強化する。 爆破の蓄積値を1.2倍し、爆破の蓄積値に+5
状態異常確定蓄積,状態異常確定蓄積Lv1,1,戦闘(属性・異常),タイミングよくモンスターの攻撃を回避すると、一定時間、攻撃ヒット時の状態異常の蓄積が確定で発生する,,,9,タイミングよく攻撃を回避すると、一定時間攻撃時の状態異常蓄積を確定発生させる。,状態異常確定蓄積 状態異常確定蓄積Lv1 タイミングよく攻撃を回避すると、一定時間攻撃時の状態異常蓄積を確定発生させる。 タイミングよくモンスターの攻撃を回避すると、一定時間、攻撃ヒット時の状態異常の蓄積が確定で発生する
状態異常確定蓄積,状態異常確定蓄積Lv2,2,戦闘(属性・異常),タイミングよくモンスターの攻撃を回避すると、一定時間、攻撃ヒット時の状態異常の蓄積が確定で発生する,,,9,タイミングよく攻撃を回避すると、一定時間攻撃時の状態異常蓄積を確定発生させる。,状態異常確定蓄積 状態異常確定蓄積Lv2 タイミングよく攻撃を回避すると、一定時間攻撃時の状態異常蓄積を確定発生させる。 タイミングよくモンスターの攻撃を回避すると、一定時間、攻撃ヒット時の状態異常の蓄積が確定で発生する
状態異常確定蓄積,状態異常確定蓄積Lv3,3,戦闘(属性・異常),タイミングよくモンスターの攻撃を回避すると、一定時間、攻撃ヒット時の状態異常の蓄積が確定で発生する,,,9,タイミングよく攻撃を回避すると、一定時間攻撃時の状態異常蓄積を確定発生させる。,状態異常確定蓄積 状態異常確定蓄積Lv3 タイミングよく攻撃を回避すると、一定時間攻撃時の状態異常蓄積を確定発生させる。 タイミングよくモンスターの攻撃を回避すると、一定時間、攻撃ヒット時の状態異常の蓄積が確定で発生する
蓄積時攻撃強化,蓄積時攻撃強化Lv1,1,戦闘(属性・異常),攻撃がヒットしたときに、毒、麻痺、睡眠、爆破、減気のいずれかが蓄積すると、攻撃の威力が上がる。(減気は弾やビンでの蓄積時のみ有効),,,12,攻撃時に状態異常などの蓄積が発生すると、その攻撃の威力を高める。,蓄積時攻撃強化 蓄積時攻撃強化Lv1 攻撃時に状態異常などの蓄積が発生すると、その攻撃の威力を高める。 攻撃がヒットしたときに、毒、麻痺、睡眠、爆破、減気のいずれかが蓄積すると、攻撃の威力が上がる。(減気は弾やビンでの蓄積時のみ有効)
蓄積時攻撃強化,蓄積時攻撃強化Lv2,2,戦闘(属性・異常),攻撃がヒットしたときに、毒、麻痺、睡眠、爆破、減気のいずれかが蓄積すると、攻撃の威力が上がる。(減気は弾やビンでの蓄積時のみ有効),,,12,攻撃時に状態異常などの蓄積が発生すると、その攻撃の威力を高める。,蓄積時攻撃強化 蓄積時攻撃強化Lv2 攻撃時に状態異常などの蓄積が発生すると、その攻撃の威力を高める。 攻撃がヒットしたときに、毒、麻痺、睡眠、爆破、減気のいずれかが蓄積すると、攻撃の威力が上がる。(減気は弾やビンでの蓄積時のみ有効)
蓄積時攻撃強化,蓄積時攻撃強化Lv3,3,戦闘(属性・異常),攻撃がヒットしたときに、毒、麻痺、睡眠、爆破、減気のいずれかが蓄積すると、攻撃の威力が上がる。(減気は弾やビンでの蓄積時のみ有効),,,12,攻撃時に状態異常などの蓄積が発生すると、その攻撃の威力を高める。,蓄積時攻撃強化 蓄積時攻撃強化Lv3 攻撃時に状態異常などの蓄積が発生すると、その攻撃の威力を高める。 攻撃がヒットしたときに、毒、麻痺、睡眠、爆破、減気のいずれかが蓄積すると、攻撃の威力が上がる。(減気は弾やビンでの蓄積時のみ有効)
匠,匠Lv1,1,戦闘(剣士専用),斬れ味+10,21,210,12,武器の斬れ味ゲージを延長する。,匠 匠Lv1 武器の斬れ味ゲージを延長する。 斬れ味+10
匠,匠Lv2,2,戦闘(剣士専用),斬れ味+20,21,210,12,武器の斬れ味ゲージを延長する。,匠 匠Lv2 武器の斬れ味ゲージを延長する。 斬れ味+20
匠,匠Lv3,3,戦闘(剣士専用),斬れ味+30,21,210,12,武器の斬れ味ゲージを延長する。,匠 匠Lv3 武器の斬れ味ゲージを延長する。 斬れ味+30
匠,匠Lv4,4,戦闘(剣士専用),斬れ味+40,21,210,12,武器の斬れ味ゲージを延長する。,匠 匠Lv4 武器の斬れ味ゲージを延長する。 斬れ味+40
匠,匠Lv5,5,戦闘(剣士専用),斬れ味+50,21,210,12,武器の斬れ味ゲージを延長する。,匠 匠Lv5 武器の斬れ味ゲージを延長する。 斬れ味+50
業物,業物Lv1,1,戦闘(剣士専用),切れ味の消耗を抑える。発動確率10％,22,220,15,攻撃時に一定確率で斬れ味の消耗を無効化する。,業物 業物Lv1 攻撃時に一定確率で斬れ味の消耗を無効化する。 切れ味の消耗を抑える。発動確率10％
業物,業物Lv2,2,戦闘(剣士専用),切れ味の消耗を抑える。発動確率25％,22,220,15,攻撃時に一定確率で斬れ味の消耗を無効化する。,業物 業物Lv2 攻撃時に一定確率で斬れ味の消耗を無効化する。 切れ味の消耗を抑える。発動確率25％
業物,業物Lv3,3,戦闘(剣士専用),切れ味の消耗を抑える。発動確率50％,22,220,15,攻撃時に一定確率で斬れ味の消耗を無効化する。,業物 業物Lv3 攻撃時に一定確率で斬れ味の消耗を無効化する。 切れ味の消耗を抑える。発動確率50％
剛刃研磨,剛刃研磨Lv1,1,戦闘(剣士専用),武器を研磨すると一定時間、斬れ味が低下しない。発動後30秒効果持続,24,240,9,砥石使用後、一定時間斬れ味を消耗しなくする。,剛刃研磨 剛刃研磨Lv1 砥石使用後、一定時間斬れ味を消耗しなくする。 武器を研磨すると一定時間、斬れ味が低下しない。発動後30秒効果持続
剛刃研磨,剛刃研磨Lv2,2,戦闘(剣士専用),武器を研磨すると一定時間、斬れ味が低下しない。発動後60秒効果持続,24,240,9,砥石使用後、一定時間斬れ味を消耗しなくする。,剛刃研磨 剛刃研磨Lv2 砥石使用後、一定時間斬れ味を消耗しなくする。 武器を研磨すると一定時間、斬れ味が低下しない。発動後60秒効果持続
剛刃研磨,剛刃研磨Lv3,3,戦闘(剣士専用),武器を研磨すると一定時間、斬れ味が低下しない。発動後90秒効果持続,24,240,9,砥石使用後、一定時間斬れ味を消耗しなくする。,剛刃研磨 剛刃研磨Lv3 砥石使用後、一定時間斬れ味を消耗しなくする。 武器を研磨すると一定時間、斬れ味が低下しない。発動後90秒効果持続
達人芸,達人芸Lv1,1,戦闘(剣士専用),効果発動時、20％で斬れ味を消費しない,100,1000,15,会心発生時に一定確率で斬れ味を消耗しなくする。,達人芸 達人芸Lv1 会心発生時に一定確率で斬れ味を消耗しなくする。 効果発動時、20％で斬れ味を消費しない
達人芸,達人芸Lv2,2,戦闘(剣士専用),効果発動時、40％で斬れ味を消費しない,100,1000,15,会心発生時に一定確率で斬れ味を消耗しなくする。,達人芸 達人芸Lv2 会心発生時に一定確率で斬れ味を消耗しなくする。 効果発動時、40％で斬れ味を消費しない
達人芸,達人芸Lv3,3,戦闘(剣士専用),効果発動時、80％で斬れ味を消費しない,100,1000,15,会心発生時に一定確率で斬れ味を消耗しなくする。,達人芸 達人芸Lv3 会心発生時に一定確率で斬れ味を消耗しなくする。 効果発動時、80％で斬れ味を消費しない
研磨術【鋭】,研磨術【鋭】Lv1,1,戦闘(攻撃),斬れ味が回復した際、回復した段階によって斬れ味の性能が上がる,,,9,斬れ味を回復した際、回復した段階に応じて斬れ味性能を高める。,研磨術【鋭】 研磨術【鋭】Lv1 斬れ味を回復した際、回復した段階に応じて斬れ味性能を高める。 斬れ味が回復した際、回復した段階によって斬れ味の性能が上がる
研磨術【鋭】,研磨術【鋭】Lv2,2,戦闘(攻撃),斬れ味が回復した際、回復した段階によって斬れ味の性能が上がる,,,9,斬れ味を回復した際、回復した段階に応じて斬れ味性能を高める。,研磨術【鋭】 研磨術【鋭】Lv2 斬れ味を回復した際、回復した段階に応じて斬れ味性能を高める。 斬れ味が回復した際、回復した段階によって斬れ味の性能が上がる
研磨術【鋭】,研磨術【鋭】Lv3,3,戦闘(攻撃),斬れ味が回復した際、回復した段階によって斬れ味の性能が上がる,,,9,斬れ味を回復した際、回復した段階に応じて斬れ味性能を高める。,研磨術【鋭】 研磨術【鋭】Lv3 斬れ味を回復した際、回復した段階に応じて斬れ味性能を高める。 斬れ味が回復した際、回復した段階によって斬れ味の性能が上がる
刃鱗磨き,刃鱗磨きLv1,1,戦闘(攻撃),抜刀時、回避による無敵時間中に攻撃を躱すと、切れ味が回復したりボウガンの弾を装填する。弓の場合、接撃ビンの性能が一定時間上がる,,,9,抜刀中に回避で攻撃をかわすと、斬れ味回復や弾装填、接撃ビン強化などが発生する。,刃鱗磨き 刃鱗磨きLv1 抜刀中に回避で攻撃をかわすと、斬れ味回復や弾装填、接撃ビン強化などが発生する。 抜刀時、回避による無敵時間中に攻撃を躱すと、切れ味が回復したりボウガンの弾を装填する。弓の場合、接撃ビンの性能が一定時間上がる
刃鱗磨き,刃鱗磨きLv2,2,戦闘(攻撃),抜刀時、回避による無敵時間中に攻撃を躱すと、切れ味が回復したりボウガンの弾を装填する。弓の場合、接撃ビンの性能が一定時間上がる,,,9,抜刀中に回避で攻撃をかわすと、斬れ味回復や弾装填、接撃ビン強化などが発生する。,刃鱗磨き 刃鱗磨きLv2 抜刀中に回避で攻撃をかわすと、斬れ味回復や弾装填、接撃ビン強化などが発生する。 抜刀時、回避による無敵時間中に攻撃を躱すと、切れ味が回復したりボウガンの弾を装填する。弓の場合、接撃ビンの性能が一定時間上がる
刃鱗磨き,刃鱗磨きLv3,3,戦闘(攻撃),抜刀時、回避による無敵時間中に攻撃を躱すと、切れ味が回復したりボウガンの弾を装填する。弓の場合、接撃ビンの性能が一定時間上がる,,,9,抜刀中に回避で攻撃をかわすと、斬れ味回復や弾装填、接撃ビン強化などが発生する。,刃鱗磨き 刃鱗磨きLv3 抜刀中に回避で攻撃をかわすと、斬れ味回復や弾装填、接撃ビン強化などが発生する。 抜刀時、回避による無敵時間中に攻撃を躱すと、切れ味が回復したりボウガンの弾を装填する。弓の場合、接撃ビンの性能が一定時間上がる
心眼,心眼Lv1,1,戦闘(剣士専用),攻撃が弾かれ辛くなり、硬い部位へのダメージが上がる。50％の確率で弾かれず硬い部位へのダメージが1.1倍,25,250,9,攻撃が弾かれにくくなり、硬い部位へのダメージも高める。,心眼 心眼Lv1 攻撃が弾かれにくくなり、硬い部位へのダメージも高める。 攻撃が弾かれ辛くなり、硬い部位へのダメージが上がる。50％の確率で弾かれず硬い部位へのダメージが1.1倍
心眼,心眼Lv2,2,戦闘(剣士専用),攻撃が弾かれ辛くなり、硬い部位へのダメージが上がる。100％の確率で弾かれず硬い部位へのダメージが1.15倍,25,250,9,攻撃が弾かれにくくなり、硬い部位へのダメージも高める。,心眼 心眼Lv2 攻撃が弾かれにくくなり、硬い部位へのダメージも高める。 攻撃が弾かれ辛くなり、硬い部位へのダメージが上がる。100％の確率で弾かれず硬い部位へのダメージが1.15倍
心眼,心眼Lv3,3,戦闘(剣士専用),攻撃が弾かれ辛くなり、硬い部位へのダメージが上がる。100％の確率で弾かれず硬い部位へのダメージが1.3倍,25,250,9,攻撃が弾かれにくくなり、硬い部位へのダメージも高める。,心眼 心眼Lv3 攻撃が弾かれにくくなり、硬い部位へのダメージも高める。 攻撃が弾かれ辛くなり、硬い部位へのダメージが上がる。100％の確率で弾かれず硬い部位へのダメージが1.3倍
鈍器使い,鈍器使いLv1,1,戦闘(剣士専用),斬れ味が黄色以下の時攻撃力が1.05倍,27,270,,斬れ味が悪いほど攻撃力を高める。,鈍器使い 鈍器使いLv1 斬れ味が悪いほど攻撃力を高める。 斬れ味が黄色以下の時攻撃力が1.05倍
鈍器使い,鈍器使いLv2,2,戦闘(剣士専用),斬れ味が黄色以下の時攻撃力が1.1倍,27,270,,斬れ味が悪いほど攻撃力を高める。,鈍器使い 鈍器使いLv2 斬れ味が悪いほど攻撃力を高める。 斬れ味が黄色以下の時攻撃力が1.1倍
鈍器使い,鈍器使いLv3,3,戦闘(剣士専用),斬れ味が緑色以下の時攻撃力が1.1倍,27,270,,斬れ味が悪いほど攻撃力を高める。,鈍器使い 鈍器使いLv3 斬れ味が悪いほど攻撃力を高める。 斬れ味が緑色以下の時攻撃力が1.1倍
弾丸節約,弾丸節約Lv1,1,戦闘(ガンナー専用),まれにボウガンの弾・弓のビンを消費せずに発射できる。発動確率3％,23,230,15,一定確率でボウガンの弾や弓のビンを消費せず発射する。,弾丸節約 弾丸節約Lv1 一定確率でボウガンの弾や弓のビンを消費せず発射する。 まれにボウガンの弾・弓のビンを消費せずに発射できる。発動確率3％
弾丸節約,弾丸節約Lv2,2,戦闘(ガンナー専用),まれにボウガンの弾・弓のビンを消費せずに発射できる。発動確率10％,23,230,15,一定確率でボウガンの弾や弓のビンを消費せず発射する。,弾丸節約 弾丸節約Lv2 一定確率でボウガンの弾や弓のビンを消費せず発射する。 まれにボウガンの弾・弓のビンを消費せずに発射できる。発動確率10％
弾丸節約,弾丸節約Lv3,3,戦闘(ガンナー専用),まれにボウガンの弾・弓のビンを消費せずに発射できる。発動確率20％,23,230,15,一定確率でボウガンの弾や弓のビンを消費せず発射する。,弾丸節約 弾丸節約Lv3 一定確率でボウガンの弾や弓のビンを消費せず発射する。 まれにボウガンの弾・弓のビンを消費せずに発射できる。発動確率20％
弾導強化,弾導強化Lv1,1,戦闘(ガンナー専用),適正距離がわずかに広くなる,26,260,9,弾・矢が最大威力になる適正距離を広げる。,弾導強化 弾導強化Lv1 弾・矢が最大威力になる適正距離を広げる。 適正距離がわずかに広くなる
弾導強化,弾導強化Lv2,2,戦闘(ガンナー専用),適正距離が広くなる,26,260,9,弾・矢が最大威力になる適正距離を広げる。,弾導強化 弾導強化Lv2 弾・矢が最大威力になる適正距離を広げる。 適正距離が広くなる
弾導強化,弾導強化Lv3,3,戦闘(ガンナー専用),適正距離が大幅に広くなる,26,260,9,弾・矢が最大威力になる適正距離を広げる。,弾導強化 弾導強化Lv3 弾・矢が最大威力になる適正距離を広げる。 適正距離が大幅に広くなる
弓溜め段階解放,弓溜め段階解放Lv1,1,戦闘(ガンナー専用),弓の溜め段階が1段階増える,28,280,,弓の溜め段階を1段階増やす。,弓溜め段階解放 弓溜め段階解放Lv1 弓の溜め段階を1段階増やす。 弓の溜め段階が1段階増える
集中,集中Lv1,1,戦闘(攻撃),ゲージ上昇率5%アップ、溜め時間5%短縮,29,290,9,一部武器のゲージ増加や溜めに必要な時間を短縮する。,集中 集中Lv1 一部武器のゲージ増加や溜めに必要な時間を短縮する。 ゲージ上昇率5%アップ、溜め時間5%短縮
集中,集中Lv2,2,戦闘(攻撃),ゲージ上昇率10%アップ、溜め時間10%短縮,29,290,9,一部武器のゲージ増加や溜めに必要な時間を短縮する。,集中 集中Lv2 一部武器のゲージ増加や溜めに必要な時間を短縮する。 ゲージ上昇率10%アップ、溜め時間10%短縮
集中,集中Lv3,3,戦闘(攻撃),ゲージ上昇率20%アップ、溜め時間15%短縮,29,290,9,一部武器のゲージ増加や溜めに必要な時間を短縮する。,集中 集中Lv3 一部武器のゲージ増加や溜めに必要な時間を短縮する。 ゲージ上昇率20%アップ、溜め時間15%短縮
翔蟲使い,翔蟲使いLv1,1,クエスト,野生の翔虫の使用可能時間が1.3倍になる,89,890,9,翔蟲の使用可能時間や回復速度を高める。,翔蟲使い 翔蟲使いLv1 翔蟲の使用可能時間や回復速度を高める。 野生の翔虫の使用可能時間が1.3倍になる
翔蟲使い,翔蟲使いLv2,2,クエスト,さらに翔虫受け身の回復速度上昇,89,890,9,翔蟲の使用可能時間や回復速度を高める。,翔蟲使い 翔蟲使いLv2 翔蟲の使用可能時間や回復速度を高める。 さらに翔虫受け身の回復速度上昇
翔蟲使い,翔蟲使いLv3,3,クエスト,さらに地上時は回復速度上昇,89,890,9,翔蟲の使用可能時間や回復速度を高める。,翔蟲使い 翔蟲使いLv3 翔蟲の使用可能時間や回復速度を高める。 さらに地上時は回復速度上昇
合気,合気Lv1,1,戦闘(生存),疾替え発動時、タイミングよくモンスターの攻撃が重なった際、受けるダメージが軽減され、ダメージリアクションを無効化する,,,9,疾替え発動時にモンスターの攻撃を受けるタイミングを合わせると、被ダメージを軽減し、ダメージリアクションを無効化する。,合気 合気Lv1 疾替え発動時にモンスターの攻撃を受けるタイミングを合わせると、被ダメージを軽減し、ダメージリアクションを無効化する。 疾替え発動時、タイミングよくモンスターの攻撃が重なった際、受けるダメージが軽減され、ダメージリアクションを無効化する
合気,合気Lv2,2,戦闘(生存),疾替え発動時、タイミングよくモンスターの攻撃が重なった際、受けるダメージが軽減され、ダメージリアクションを無効化する,,,9,疾替え発動時にモンスターの攻撃を受けるタイミングを合わせると、被ダメージを軽減し、ダメージリアクションを無効化する。,合気 合気Lv2 疾替え発動時にモンスターの攻撃を受けるタイミングを合わせると、被ダメージを軽減し、ダメージリアクションを無効化する。 疾替え発動時、タイミングよくモンスターの攻撃が重なった際、受けるダメージが軽減され、ダメージリアクションを無効化する
強化持続,強化持続Lv1,1,戦闘(攻撃),太刀、双剣、操虫棍、剣斧、盾斧で発生する、強化状態の持続時間を長くする。強化時間を少し延長,30,300,9,太刀・双剣・操虫棍・スラッシュアックス・チャージアックスの強化状態を延長する。,強化持続 強化持続Lv1 太刀・双剣・操虫棍・スラッシュアックス・チャージアックスの強化状態を延長する。 太刀、双剣、操虫棍、剣斧、盾斧で発生する、強化状態の持続時間を長くする。強化時間を少し延長
強化持続,強化持続Lv2,2,戦闘(攻撃),太刀、双剣、操虫棍、剣斧、盾斧で発生する、強化状態の持続時間を長くする。強化時間を延長,30,300,9,太刀・双剣・操虫棍・スラッシュアックス・チャージアックスの強化状態を延長する。,強化持続 強化持続Lv2 太刀・双剣・操虫棍・スラッシュアックス・チャージアックスの強化状態を延長する。 太刀、双剣、操虫棍、剣斧、盾斧で発生する、強化状態の持続時間を長くする。強化時間を延長
強化持続,強化持続Lv3,3,戦闘(攻撃),太刀、双剣、操虫棍、剣斧、盾斧で発生する、強化状態の持続時間を長くする。強化時間を大きく延長,30,300,9,太刀・双剣・操虫棍・スラッシュアックス・チャージアックスの強化状態を延長する。,強化持続 強化持続Lv3 太刀・双剣・操虫棍・スラッシュアックス・チャージアックスの強化状態を延長する。 太刀、双剣、操虫棍、剣斧、盾斧で発生する、強化状態の持続時間を長くする。強化時間を大きく延長
ランナー,ランナーLv1,1,クエスト,ダッシュなどの徐々にスタミナを消費する行動の継続スタミナ消費量15%軽減,31,310,6,ダッシュなど徐々にスタミナを消費する行動の消費量を軽減する。,ランナー ランナーLv1 ダッシュなど徐々にスタミナを消費する行動の消費量を軽減する。 ダッシュなどの徐々にスタミナを消費する行動の継続スタミナ消費量15%軽減
ランナー,ランナーLv2,2,クエスト,ダッシュなどの徐々にスタミナを消費する行動の継続スタミナ消費量30%軽減,31,310,6,ダッシュなど徐々にスタミナを消費する行動の消費量を軽減する。,ランナー ランナーLv2 ダッシュなど徐々にスタミナを消費する行動の消費量を軽減する。 ダッシュなどの徐々にスタミナを消費する行動の継続スタミナ消費量30%軽減
ランナー,ランナーLv3,3,クエスト,ダッシュなどの徐々にスタミナを消費する行動の継続スタミナ消費量50%軽減,31,310,6,ダッシュなど徐々にスタミナを消費する行動の消費量を軽減する。,ランナー ランナーLv3 ダッシュなど徐々にスタミナを消費する行動の消費量を軽減する。 ダッシュなどの徐々にスタミナを消費する行動の継続スタミナ消費量50%軽減
体術,体術Lv1,1,クエスト,回避などの固定でスタミナを消費する行動の固定スタミナ消費量10%軽減,32,320,6,回避など固定量のスタミナを消費する行動の消費量を軽減する。,体術 体術Lv1 回避など固定量のスタミナを消費する行動の消費量を軽減する。 回避などの固定でスタミナを消費する行動の固定スタミナ消費量10%軽減
体術,体術Lv2,2,クエスト,回避などの固定でスタミナを消費する行動の固定スタミナ消費量20%軽減,32,320,6,回避など固定量のスタミナを消費する行動の消費量を軽減する。,体術 体術Lv2 回避など固定量のスタミナを消費する行動の消費量を軽減する。 回避などの固定でスタミナを消費する行動の固定スタミナ消費量20%軽減
体術,体術Lv3,3,クエスト,回避などの固定でスタミナを消費する行動の固定スタミナ消費量30%軽減,32,320,6,回避など固定量のスタミナを消費する行動の消費量を軽減する。,体術 体術Lv3 回避など固定量のスタミナを消費する行動の消費量を軽減する。 回避などの固定でスタミナを消費する行動の固定スタミナ消費量30%軽減
体術,体術Lv4,4,クエスト,回避などの固定でスタミナを消費する行動の固定スタミナ消費量40%軽減,32,320,6,回避など固定量のスタミナを消費する行動の消費量を軽減する。,体術 体術Lv4 回避など固定量のスタミナを消費する行動の消費量を軽減する。 回避などの固定でスタミナを消費する行動の固定スタミナ消費量40%軽減
体術,体術Lv5,5,クエスト,回避などの固定でスタミナを消費する行動の固定スタミナ消費量50%軽減,32,320,6,回避など固定量のスタミナを消費する行動の消費量を軽減する。,体術 体術Lv5 回避など固定量のスタミナを消費する行動の消費量を軽減する。 回避などの固定でスタミナを消費する行動の固定スタミナ消費量50%軽減
スタミナ急速回復,スタミナ急速回復Lv1,1,クエスト,減っているスタミナの回復速度1.1倍,33,330,6,スタミナの回復速度を高める。,スタミナ急速回復 スタミナ急速回復Lv1 スタミナの回復速度を高める。 減っているスタミナの回復速度1.1倍
スタミナ急速回復,スタミナ急速回復Lv2,2,クエスト,減っているスタミナの回復速度1.2倍,33,330,6,スタミナの回復速度を高める。,スタミナ急速回復 スタミナ急速回復Lv2 スタミナの回復速度を高める。 減っているスタミナの回復速度1.2倍
スタミナ急速回復,スタミナ急速回復Lv3,3,クエスト,減っているスタミナの回復速度1.4倍,33,330,6,スタミナの回復速度を高める。,スタミナ急速回復 スタミナ急速回復Lv3 スタミナの回復速度を高める。 減っているスタミナの回復速度1.4倍
壁面移動,壁面移動Lv1,1,クエスト,壁走り時のスタミナ消費が25％軽減される,90,900,6,壁走り中のスタミナ消費を軽減する。,壁面移動 壁面移動Lv1 壁走り中のスタミナ消費を軽減する。 壁走り時のスタミナ消費が25％軽減される
壁面移動,壁面移動Lv2,2,クエスト,壁走り時のスタミナ消費が50％軽減される,90,900,6,壁走り中のスタミナ消費を軽減する。,壁面移動 壁面移動Lv2 壁走り中のスタミナ消費を軽減する。 壁走り時のスタミナ消費が50％軽減される
壁面移動,壁面移動Lv3,3,クエスト,更に壁走りを行うことで一定時間攻撃力が上がる,90,900,6,壁走り中のスタミナ消費を軽減する。,壁面移動 壁面移動Lv3 壁走り中のスタミナ消費を軽減する。 更に壁走りを行うことで一定時間攻撃力が上がる
壁面移動【翔】,壁面移動【翔】Lv1,1,クエスト,壁走りを行っている間、翔蟲ゲージの回復速度が上がる,,,3,壁走り中の翔蟲ゲージ回復速度を高める。,壁面移動【翔】 壁面移動【翔】Lv1 壁走り中の翔蟲ゲージ回復速度を高める。 壁走りを行っている間、翔蟲ゲージの回復速度が上がる
ガード性能,ガード性能Lv1,1,戦闘(生存),威力をわずかに軽減,34,340,6,ガード時ののけぞりを抑え、スタミナ消費も軽減する。,ガード性能 ガード性能Lv1 ガード時ののけぞりを抑え、スタミナ消費も軽減する。 威力をわずかに軽減
ガード性能,ガード性能Lv2,2,戦闘(生存),威力をわずかに軽減し、スタミナ消費量を15%軽減,34,340,6,ガード時ののけぞりを抑え、スタミナ消費も軽減する。,ガード性能 ガード性能Lv2 ガード時ののけぞりを抑え、スタミナ消費も軽減する。 威力をわずかに軽減し、スタミナ消費量を15%軽減
ガード性能,ガード性能Lv3,3,戦闘(生存),威力を軽減し、スタミナ消費量を15%軽減,34,340,6,ガード時ののけぞりを抑え、スタミナ消費も軽減する。,ガード性能 ガード性能Lv3 ガード時ののけぞりを抑え、スタミナ消費も軽減する。 威力を軽減し、スタミナ消費量を15%軽減
ガード性能,ガード性能Lv4,4,戦闘(生存),威力を軽減し、スタミナ消費量を30%軽減,34,340,6,ガード時ののけぞりを抑え、スタミナ消費も軽減する。,ガード性能 ガード性能Lv4 ガード時ののけぞりを抑え、スタミナ消費も軽減する。 威力を軽減し、スタミナ消費量を30%軽減
ガード性能,ガード性能Lv5,5,戦闘(生存),威力を大きく軽減し、スタミナ消費量を50%軽減,34,340,6,ガード時ののけぞりを抑え、スタミナ消費も軽減する。,ガード性能 ガード性能Lv5 ガード時ののけぞりを抑え、スタミナ消費も軽減する。 威力を大きく軽減し、スタミナ消費量を50%軽減
ガード強化,ガード強化Lv1,1,戦闘(生存),通常はガードできない攻撃もガードできるようになる。ダメージ軽減30％,35,350,6,通常はガードできない攻撃もガード可能にする。,ガード強化 ガード強化Lv1 通常はガードできない攻撃もガード可能にする。 通常はガードできない攻撃もガードできるようになる。ダメージ軽減30％
ガード強化,ガード強化Lv2,2,戦闘(生存),通常はガードできない攻撃もガードできるようになる。ダメージ軽減50％,35,350,6,通常はガードできない攻撃もガード可能にする。,ガード強化 ガード強化Lv2 通常はガードできない攻撃もガード可能にする。 通常はガードできない攻撃もガードできるようになる。ダメージ軽減50％
ガード強化,ガード強化Lv3,3,戦闘(生存),通常はガードできない攻撃もガードできるようになる。ダメージ軽減80％,35,350,6,通常はガードできない攻撃もガード可能にする。,ガード強化 ガード強化Lv3 通常はガードできない攻撃もガード可能にする。 通常はガードできない攻撃もガードできるようになる。ダメージ軽減80％
攻めの守勢,攻めの守勢Lv1,1,戦闘(攻撃),タイミング良くガードを成功させると、一定時間、攻撃力1.05倍,36,360,9,タイミングよくガードすると、一定時間攻撃力を高める。,攻めの守勢 攻めの守勢Lv1 タイミングよくガードすると、一定時間攻撃力を高める。 タイミング良くガードを成功させると、一定時間、攻撃力1.05倍
攻めの守勢,攻めの守勢Lv2,2,戦闘(攻撃),タイミング良くガードを成功させると、一定時間、攻撃力1.1倍,36,360,9,タイミングよくガードすると、一定時間攻撃力を高める。,攻めの守勢 攻めの守勢Lv2 タイミングよくガードすると、一定時間攻撃力を高める。 タイミング良くガードを成功させると、一定時間、攻撃力1.1倍
攻めの守勢,攻めの守勢Lv3,3,戦闘(攻撃),タイミング良くガードを成功させると、一定時間、攻撃力1.15倍,36,360,9,タイミングよくガードすると、一定時間攻撃力を高める。,攻めの守勢 攻めの守勢Lv3 タイミングよくガードすると、一定時間攻撃力を高める。 タイミング良くガードを成功させると、一定時間、攻撃力1.15倍
抜刀術【技】,抜刀術【技】Lv1,1,戦闘(攻撃),武器出し攻撃後一定時間会心率が上がる。会心率+10％,37,370,9,武器出し攻撃後、一定時間会心率を高める。,抜刀術【技】 抜刀術【技】Lv1 武器出し攻撃後、一定時間会心率を高める。 武器出し攻撃後一定時間会心率が上がる。会心率+10％
抜刀術【技】,抜刀術【技】Lv2,2,戦闘(攻撃),武器出し攻撃後一定時間会心率が上がる。会心率+20％,37,370,9,武器出し攻撃後、一定時間会心率を高める。,抜刀術【技】 抜刀術【技】Lv2 武器出し攻撃後、一定時間会心率を高める。 武器出し攻撃後一定時間会心率が上がる。会心率+20％
抜刀術【技】,抜刀術【技】Lv3,3,戦闘(攻撃),武器出し攻撃後一定時間会心率が上がる。会心率+40％,37,370,9,武器出し攻撃後、一定時間会心率を高める。,抜刀術【技】 抜刀術【技】Lv3 武器出し攻撃後、一定時間会心率を高める。 武器出し攻撃後一定時間会心率が上がる。会心率+40％
抜刀術【力】,抜刀術【力】Lv1,1,戦闘(攻撃),武器出し攻撃に気絶を誘発する効果がわずかに付く。武器出し攻撃の攻撃力+3,38,380,6,武器出し攻撃に気絶効果を追加・強化し、攻撃力も少し高める。,抜刀術【力】 抜刀術【力】Lv1 武器出し攻撃に気絶効果を追加・強化し、攻撃力も少し高める。 武器出し攻撃に気絶を誘発する効果がわずかに付く。武器出し攻撃の攻撃力+3
抜刀術【力】,抜刀術【力】Lv2,2,戦闘(攻撃),武器出し攻撃に気絶を誘発する効果が付く。武器出し攻撃の攻撃力+5,38,380,6,武器出し攻撃に気絶効果を追加・強化し、攻撃力も少し高める。,抜刀術【力】 抜刀術【力】Lv2 武器出し攻撃に気絶効果を追加・強化し、攻撃力も少し高める。 武器出し攻撃に気絶を誘発する効果が付く。武器出し攻撃の攻撃力+5
抜刀術【力】,抜刀術【力】Lv3,3,戦闘(攻撃),武器出し攻撃に気絶を誘発する効果が大きく付く。武器出し攻撃の攻撃力+7,38,380,6,武器出し攻撃に気絶効果を追加・強化し、攻撃力も少し高める。,抜刀術【力】 抜刀術【力】Lv3 武器出し攻撃に気絶効果を追加・強化し、攻撃力も少し高める。 武器出し攻撃に気絶を誘発する効果が大きく付く。武器出し攻撃の攻撃力+7
納刀術,納刀術Lv1,1,戦闘(生存),武器をしまう速度がわずかに上昇,39,390,6,武器を納刀する速度を高める。,納刀術 納刀術Lv1 武器を納刀する速度を高める。 武器をしまう速度がわずかに上昇
納刀術,納刀術Lv2,2,戦闘(生存),武器をしまう速度が上昇,39,390,6,武器を納刀する速度を高める。,納刀術 納刀術Lv2 武器を納刀する速度を高める。 武器をしまう速度が上昇
納刀術,納刀術Lv3,3,戦闘(生存),武器をしまう速度がかなり上昇,39,390,6,武器を納刀する速度を高める。,納刀術 納刀術Lv3 武器を納刀する速度を高める。 武器をしまう速度がかなり上昇
ＫＯ術,ＫＯ術Lv1,1,戦闘(属性・異常),気絶効果1.2倍,40,400,6,モンスターを気絶させやすくする。,ＫＯ術 ＫＯ術Lv1 モンスターを気絶させやすくする。 気絶効果1.2倍
ＫＯ術,ＫＯ術Lv2,2,戦闘(属性・異常),気絶効果1.3倍,40,400,6,モンスターを気絶させやすくする。,ＫＯ術 ＫＯ術Lv2 モンスターを気絶させやすくする。 気絶効果1.3倍
ＫＯ術,ＫＯ術Lv3,3,戦闘(属性・異常),気絶効果1.4倍,40,400,6,モンスターを気絶させやすくする。,ＫＯ術 ＫＯ術Lv3 モンスターを気絶させやすくする。 気絶効果1.4倍
スタミナ奪取,スタミナ奪取Lv1,1,戦闘(属性・異常),減気値が1.2倍,41,410,3,モンスターを疲れさせる効果を高める。,スタミナ奪取 スタミナ奪取Lv1 モンスターを疲れさせる効果を高める。 減気値が1.2倍
スタミナ奪取,スタミナ奪取Lv2,2,戦闘(属性・異常),減気値が1.3倍,41,410,3,モンスターを疲れさせる効果を高める。,スタミナ奪取 スタミナ奪取Lv2 モンスターを疲れさせる効果を高める。 減気値が1.3倍
スタミナ奪取,スタミナ奪取Lv3,3,戦闘(属性・異常),減気値が1.4倍,41,410,3,モンスターを疲れさせる効果を高める。,スタミナ奪取 スタミナ奪取Lv3 モンスターを疲れさせる効果を高める。 減気値が1.4倍
破壊王,破壊王Lv1,1,戦闘(攻撃),部位に対する蓄積ダメージ1.1倍,72,720,6,大型モンスターの部位を破壊しやすくする。,破壊王 破壊王Lv1 大型モンスターの部位を破壊しやすくする。 部位に対する蓄積ダメージ1.1倍
破壊王,破壊王Lv2,2,戦闘(攻撃),部位に対する蓄積ダメージ1.2倍,72,720,6,大型モンスターの部位を破壊しやすくする。,破壊王 破壊王Lv2 大型モンスターの部位を破壊しやすくする。 部位に対する蓄積ダメージ1.2倍
破壊王,破壊王Lv3,3,戦闘(攻撃),部位に対する蓄積ダメージ1.3倍,72,720,6,大型モンスターの部位を破壊しやすくする。,破壊王 破壊王Lv3 大型モンスターの部位を破壊しやすくする。 部位に対する蓄積ダメージ1.3倍
血氣,血氣Lv1,1,戦闘(生存),モンスターの部位破壊済み箇所へ攻撃がヒットしたとき、ダメージに応じて体力が回復する,,,12,部位破壊済み箇所への攻撃で、与えたダメージに応じて体力を回復する。,血氣 血氣Lv1 部位破壊済み箇所への攻撃で、与えたダメージに応じて体力を回復する。 モンスターの部位破壊済み箇所へ攻撃がヒットしたとき、ダメージに応じて体力が回復する
血氣,血氣Lv2,2,戦闘(生存),モンスターの部位破壊済み箇所へ攻撃がヒットしたとき、ダメージに応じて体力が回復する,,,12,部位破壊済み箇所への攻撃で、与えたダメージに応じて体力を回復する。,血氣 血氣Lv2 部位破壊済み箇所への攻撃で、与えたダメージに応じて体力を回復する。 モンスターの部位破壊済み箇所へ攻撃がヒットしたとき、ダメージに応じて体力が回復する
血氣,血氣Lv3,3,戦闘(生存),モンスターの部位破壊済み箇所へ攻撃がヒットしたとき、ダメージに応じて体力が回復する,,,12,部位破壊済み箇所への攻撃で、与えたダメージに応じて体力を回復する。,血氣 血氣Lv3 部位破壊済み箇所への攻撃で、与えたダメージに応じて体力を回復する。 モンスターの部位破壊済み箇所へ攻撃がヒットしたとき、ダメージに応じて体力が回復する
滑走強化,滑走強化Lv1,1,戦闘(攻撃),スライディングを行うと一定時間会心率が上昇,42,420,3,スライディング後、一定時間会心率を高める。,滑走強化 滑走強化Lv1 スライディング後、一定時間会心率を高める。 スライディングを行うと一定時間会心率が上昇
笛吹き名人,笛吹き名人Lv1,1,戦闘(剣士専用),狩猟笛の演奏と多重演奏が早くなり、衝撃波のダメージが上がる,43,430,3,狩猟笛の演奏を速くし、衝撃波のダメージを高める。,笛吹き名人 笛吹き名人Lv1 狩猟笛の演奏を速くし、衝撃波のダメージを高める。 狩猟笛の演奏と多重演奏が早くなり、衝撃波のダメージが上がる
砲術,砲術Lv1,1,戦闘(攻撃),ガンランスの砲撃と竜撃砲、チャージアックスのビン攻撃、徹甲榴弾などの爆破系の攻撃力が1.1倍。竜撃砲の冷却時間が15%減少,44,440,12,砲撃、竜撃砲、榴弾など爆発を伴う攻撃の威力を高める。,砲術 砲術Lv1 砲撃、竜撃砲、榴弾など爆発を伴う攻撃の威力を高める。 ガンランスの砲撃と竜撃砲、チャージアックスのビン攻撃、徹甲榴弾などの爆破系の攻撃力が1.1倍。竜撃砲の冷却時間が15%減少
砲術,砲術Lv2,2,戦闘(攻撃),ガンランスの砲撃と竜撃砲、チャージアックスのビン攻撃、徹甲榴弾などの爆破系の攻撃力が1.2倍。竜撃砲の冷却時間が30%減少,44,440,12,砲撃、竜撃砲、榴弾など爆発を伴う攻撃の威力を高める。,砲術 砲術Lv2 砲撃、竜撃砲、榴弾など爆発を伴う攻撃の威力を高める。 ガンランスの砲撃と竜撃砲、チャージアックスのビン攻撃、徹甲榴弾などの爆破系の攻撃力が1.2倍。竜撃砲の冷却時間が30%減少
砲術,砲術Lv3,3,戦闘(攻撃),ガンランスの砲撃と竜撃砲、チャージアックスのビン攻撃、徹甲榴弾などの爆破系の攻撃力が1.3倍。竜撃砲の冷却時間が50%減少,44,440,12,砲撃、竜撃砲、榴弾など爆発を伴う攻撃の威力を高める。,砲術 砲術Lv3 砲撃、竜撃砲、榴弾など爆発を伴う攻撃の威力を高める。 ガンランスの砲撃と竜撃砲、チャージアックスのビン攻撃、徹甲榴弾などの爆破系の攻撃力が1.3倍。竜撃砲の冷却時間が50%減少
砲弾装填,砲弾装填Lv1,1,戦闘(剣士専用),砲弾の装填がスムーズになりガンランスの装填数が上昇、盾斧のビン装填数が増える。弾とビンの装填が早くなる,45,450,6,ガンランスの装填を改善し、装填数やチャージアックスのビン数を増やす。,砲弾装填 砲弾装填Lv1 ガンランスの装填を改善し、装填数やチャージアックスのビン数を増やす。 砲弾の装填がスムーズになりガンランスの装填数が上昇、盾斧のビン装填数が増える。弾とビンの装填が早くなる
砲弾装填,砲弾装填Lv2,2,戦闘(剣士専用),砲弾の装填がスムーズになりガンランスの装填数が上昇、盾斧のビン装填数が増える。さらにガンランスの装填数+1、盾斧のチャージ数上昇,45,450,6,ガンランスの装填を改善し、装填数やチャージアックスのビン数を増やす。,砲弾装填 砲弾装填Lv2 ガンランスの装填を改善し、装填数やチャージアックスのビン数を増やす。 砲弾の装填がスムーズになりガンランスの装填数が上昇、盾斧のビン装填数が増える。さらにガンランスの装填数+1、盾斧のチャージ数上昇
高速変形,高速変形Lv1,1,戦闘(剣士専用),スラッシュアックスとチャージアックスの変形アクションの速度と火力が上昇。速度が1.1倍になる,92,920,12,スラッシュアックスとチャージアックスの変形速度と変形攻撃の威力を高める。,高速変形 高速変形Lv1 スラッシュアックスとチャージアックスの変形速度と変形攻撃の威力を高める。 スラッシュアックスとチャージアックスの変形アクションの速度と火力が上昇。速度が1.1倍になる
高速変形,高速変形Lv2,2,戦闘(剣士専用),スラッシュアックスとチャージアックスの変形アクションの速度と火力が上昇。速度が1.2倍になり、変形攻撃のダメージが1.1倍になる,92,920,12,スラッシュアックスとチャージアックスの変形速度と変形攻撃の威力を高める。,高速変形 高速変形Lv2 スラッシュアックスとチャージアックスの変形速度と変形攻撃の威力を高める。 スラッシュアックスとチャージアックスの変形アクションの速度と火力が上昇。速度が1.2倍になり、変形攻撃のダメージが1.1倍になる
高速変形,高速変形Lv3,3,戦闘(剣士専用),スラッシュアックスとチャージアックスの変形アクションの速度と火力が上昇。速度が1.3倍になり、変形攻撃のダメージが1.2倍になる,92,920,12,スラッシュアックスとチャージアックスの変形速度と変形攻撃の威力を高める。,高速変形 高速変形Lv3 スラッシュアックスとチャージアックスの変形速度と変形攻撃の威力を高める。 スラッシュアックスとチャージアックスの変形アクションの速度と火力が上昇。速度が1.3倍になり、変形攻撃のダメージが1.2倍になる
特殊射撃強化,特殊射撃強化Lv1,1,戦闘(ガンナー専用),ボウガンの特殊弾と弓の竜の一矢の威力が1.1倍,46,460,6,ボウガンの特殊弾と弓の竜の一矢などの威力を高める。,特殊射撃強化 特殊射撃強化Lv1 ボウガンの特殊弾と弓の竜の一矢などの威力を高める。 ボウガンの特殊弾と弓の竜の一矢の威力が1.1倍
特殊射撃強化,特殊射撃強化Lv2,2,戦闘(ガンナー専用),ボウガンの特殊弾と弓の竜の一矢の威力が1.2倍,46,460,6,ボウガンの特殊弾と弓の竜の一矢などの威力を高める。,特殊射撃強化 特殊射撃強化Lv2 ボウガンの特殊弾と弓の竜の一矢などの威力を高める。 ボウガンの特殊弾と弓の竜の一矢の威力が1.2倍
通常弾・連射矢強化,通常弾・連射矢強化Lv1,1,戦闘(ガンナー専用),通常弾、連射矢の威力をわずかにＵＰ,47,470,15,ボウガンの通常弾と弓の連射矢の威力を高める。,通常弾・連射矢強化 通常弾・連射矢強化Lv1 ボウガンの通常弾と弓の連射矢の威力を高める。 通常弾、連射矢の威力をわずかにＵＰ
通常弾・連射矢強化,通常弾・連射矢強化Lv2,2,戦闘(ガンナー専用),通常弾、連射矢の威力をＵＰ,47,470,15,ボウガンの通常弾と弓の連射矢の威力を高める。,通常弾・連射矢強化 通常弾・連射矢強化Lv2 ボウガンの通常弾と弓の連射矢の威力を高める。 通常弾、連射矢の威力をＵＰ
通常弾・連射矢強化,通常弾・連射矢強化Lv3,3,戦闘(ガンナー専用),通常弾、連射矢の威力をさらにＵＰ,47,470,15,ボウガンの通常弾と弓の連射矢の威力を高める。,通常弾・連射矢強化 通常弾・連射矢強化Lv3 ボウガンの通常弾と弓の連射矢の威力を高める。 通常弾、連射矢の威力をさらにＵＰ
貫通弾・貫通矢強化,貫通弾・貫通矢強化Lv1,1,戦闘(ガンナー専用),貫通弾、貫通矢の威力をわずかにＵＰ,48,480,15,ボウガンの貫通弾と弓の貫通矢の威力を高める。,貫通弾・貫通矢強化 貫通弾・貫通矢強化Lv1 ボウガンの貫通弾と弓の貫通矢の威力を高める。 貫通弾、貫通矢の威力をわずかにＵＰ
貫通弾・貫通矢強化,貫通弾・貫通矢強化Lv2,2,戦闘(ガンナー専用),貫通弾、貫通矢の威力をＵＰ,48,480,15,ボウガンの貫通弾と弓の貫通矢の威力を高める。,貫通弾・貫通矢強化 貫通弾・貫通矢強化Lv2 ボウガンの貫通弾と弓の貫通矢の威力を高める。 貫通弾、貫通矢の威力をＵＰ
貫通弾・貫通矢強化,貫通弾・貫通矢強化Lv3,3,戦闘(ガンナー専用),貫通弾、貫通矢の威力をさらにＵＰ,48,480,15,ボウガンの貫通弾と弓の貫通矢の威力を高める。,貫通弾・貫通矢強化 貫通弾・貫通矢強化Lv3 ボウガンの貫通弾と弓の貫通矢の威力を高める。 貫通弾、貫通矢の威力をさらにＵＰ
散弾・拡散矢強化,散弾・拡散矢強化Lv1,1,戦闘(ガンナー専用),散弾、放散弾、拡散矢の威力をわずかにUP,49,490,15,ボウガンの散弾・放散弾と弓の拡散矢の威力を高める。,散弾・拡散矢強化 散弾・拡散矢強化Lv1 ボウガンの散弾・放散弾と弓の拡散矢の威力を高める。 散弾、放散弾、拡散矢の威力をわずかにUP
散弾・拡散矢強化,散弾・拡散矢強化Lv2,2,戦闘(ガンナー専用),散弾、放散弾、拡散矢の威力をUP,49,490,15,ボウガンの散弾・放散弾と弓の拡散矢の威力を高める。,散弾・拡散矢強化 散弾・拡散矢強化Lv2 ボウガンの散弾・放散弾と弓の拡散矢の威力を高める。 散弾、放散弾、拡散矢の威力をUP
散弾・拡散矢強化,散弾・拡散矢強化Lv3,3,戦闘(ガンナー専用),散弾、放散弾、拡散矢の威力をさらにUP,49,490,15,ボウガンの散弾・放散弾と弓の拡散矢の威力を高める。,散弾・拡散矢強化 散弾・拡散矢強化Lv3 ボウガンの散弾・放散弾と弓の拡散矢の威力を高める。 散弾、放散弾、拡散矢の威力をさらにUP
装填拡張,装填拡張Lv1,1,戦闘(ガンナー専用),ボウガンの装填数が増える。一部の弾の装填数が増加,50,500,15,ボウガンの装填数を増やす。,装填拡張 装填拡張Lv1 ボウガンの装填数を増やす。 ボウガンの装填数が増える。一部の弾の装填数が増加
装填拡張,装填拡張Lv2,2,戦闘(ガンナー専用),ボウガンの装填数が増える。多くの弾の装填数が増加,50,500,15,ボウガンの装填数を増やす。,装填拡張 装填拡張Lv2 ボウガンの装填数を増やす。 ボウガンの装填数が増える。多くの弾の装填数が増加
装填拡張,装填拡張Lv3,3,戦闘(ガンナー専用),ボウガンの装填数が増える。ほとんどの弾の装填数が増加,50,500,15,ボウガンの装填数を増やす。,装填拡張 装填拡張Lv3 ボウガンの装填数を増やす。 ボウガンの装填数が増える。ほとんどの弾の装填数が増加
装填速度,装填速度Lv1,1,戦闘(ガンナー専用),ボウガンの速度1段階上昇。弓の速度を早くする,51,510,6,ボウガンの装填と弓のビン装着を速くする。,装填速度 装填速度Lv1 ボウガンの装填と弓のビン装着を速くする。 ボウガンの速度1段階上昇。弓の速度を早くする
装填速度,装填速度Lv2,2,戦闘(ガンナー専用),ボウガンの速度2段階上昇。弓は自動でビン装着する,51,510,6,ボウガンの装填と弓のビン装着を速くする。,装填速度 装填速度Lv2 ボウガンの装填と弓のビン装着を速くする。 ボウガンの速度2段階上昇。弓は自動でビン装着する
装填速度,装填速度Lv3,3,戦闘(ガンナー専用),ボウガンの速度3段階上昇,51,510,6,ボウガンの装填と弓のビン装着を速くする。,装填速度 装填速度Lv3 ボウガンの装填と弓のビン装着を速くする。 ボウガンの速度3段階上昇
反動軽減,反動軽減Lv1,1,戦闘(ガンナー専用),反動を1段階軽減,52,520,6,ボウガン射撃時の反動を軽減する。,反動軽減 反動軽減Lv1 ボウガン射撃時の反動を軽減する。 反動を1段階軽減
反動軽減,反動軽減Lv2,2,戦闘(ガンナー専用),反動を2段階軽減,52,520,6,ボウガン射撃時の反動を軽減する。,反動軽減 反動軽減Lv2 ボウガン射撃時の反動を軽減する。 反動を2段階軽減
反動軽減,反動軽減Lv3,3,戦闘(ガンナー専用),反動を3段階軽減,52,520,6,ボウガン射撃時の反動を軽減する。,反動軽減 反動軽減Lv3 ボウガン射撃時の反動を軽減する。 反動を3段階軽減
速射強化,速射強化Lv1,1,戦闘(ガンナー専用),速射弾のダメージ1.05倍,53,530,15,ライトボウガンの速射を強化する。,速射強化 速射強化Lv1 ライトボウガンの速射を強化する。 速射弾のダメージ1.05倍
速射強化,速射強化Lv2,2,戦闘(ガンナー専用),速射弾のダメージ1.1倍,53,530,15,ライトボウガンの速射を強化する。,速射強化 速射強化Lv2 ライトボウガンの速射を強化する。 速射弾のダメージ1.1倍
速射強化,速射強化Lv3,3,戦闘(ガンナー専用),速射弾のダメージ1.2倍,53,530,15,ライトボウガンの速射を強化する。,速射強化 速射強化Lv3 ライトボウガンの速射を強化する。 速射弾のダメージ1.2倍
ブレ抑制,ブレ抑制Lv1,1,戦闘(ガンナー専用),ブレを1段階軽減,97,970,6,ボウガンの弾道のブレを抑える。,ブレ抑制 ブレ抑制Lv1 ボウガンの弾道のブレを抑える。 ブレを1段階軽減
ブレ抑制,ブレ抑制Lv2,2,戦闘(ガンナー専用),ブレを2段階軽減,97,970,6,ボウガンの弾道のブレを抑える。,ブレ抑制 ブレ抑制Lv2 ボウガンの弾道のブレを抑える。 ブレを2段階軽減
ブレ抑制,ブレ抑制Lv3,3,戦闘(ガンナー専用),ブレを3段階軽減,97,970,6,ボウガンの弾道のブレを抑える。,ブレ抑制 ブレ抑制Lv3 ボウガンの弾道のブレを抑える。 ブレを3段階軽減
チューンアップ,チューンアップLv1,1,戦闘(ガンナー専用),ボウガンカスタマイズで装着する強化パーツの性能が上がる,,,12,ボウガンのカスタマイズパーツの性能を高める。,チューンアップ チューンアップLv1 ボウガンのカスタマイズパーツの性能を高める。 ボウガンカスタマイズで装着する強化パーツの性能が上がる
チューンアップ,チューンアップLv2,2,戦闘(ガンナー専用),ボウガンカスタマイズで装着する強化パーツの性能が上がる,,,12,ボウガンのカスタマイズパーツの性能を高める。,チューンアップ チューンアップLv2 ボウガンのカスタマイズパーツの性能を高める。 ボウガンカスタマイズで装着する強化パーツの性能が上がる
防御,防御Lv1,1,パラメータ変化,防御力+5,54,540,3,防御力を高め、レベルに応じて耐性値も高める。,防御 防御Lv1 防御力を高め、レベルに応じて耐性値も高める。 防御力+5
防御,防御Lv2,2,パラメータ変化,防御力+10,54,540,3,防御力を高め、レベルに応じて耐性値も高める。,防御 防御Lv2 防御力を高め、レベルに応じて耐性値も高める。 防御力+10
防御,防御Lv3,3,パラメータ変化,防御力を1.05倍し、防御力+10,54,540,3,防御力を高め、レベルに応じて耐性値も高める。,防御 防御Lv3 防御力を高め、レベルに応じて耐性値も高める。 防御力を1.05倍し、防御力+10
防御,防御Lv4,4,パラメータ変化,防御力を1.05倍し、防御力+20、全属性耐性値+3,54,540,3,防御力を高め、レベルに応じて耐性値も高める。,防御 防御Lv4 防御力を高め、レベルに応じて耐性値も高める。 防御力を1.05倍し、防御力+20、全属性耐性値+3
防御,防御Lv5,5,パラメータ変化,防御力を1.08倍し、防御力+20、全属性耐性値+3,54,540,3,防御力を高め、レベルに応じて耐性値も高める。,防御 防御Lv5 防御力を高め、レベルに応じて耐性値も高める。 防御力を1.08倍し、防御力+20、全属性耐性値+3
防御,防御Lv6,6,パラメータ変化,防御力を1.08倍し、防御力+35、全属性耐性値+5,54,540,3,防御力を高め、レベルに応じて耐性値も高める。,防御 防御Lv6 防御力を高め、レベルに応じて耐性値も高める。 防御力を1.08倍し、防御力+35、全属性耐性値+5
防御,防御Lv7,7,パラメータ変化,防御力を1.1倍し、防御力+35、全属性耐性値+5,54,540,3,防御力を高め、レベルに応じて耐性値も高める。,防御 防御Lv7 防御力を高め、レベルに応じて耐性値も高める。 防御力を1.1倍し、防御力+35、全属性耐性値+5
精霊の加護,精霊の加護Lv1,1,戦闘(生存),一定確率で受けるダメージを15%軽減,55,550,3,一定確率で受けるダメージを軽減する。,精霊の加護 精霊の加護Lv1 一定確率で受けるダメージを軽減する。 一定確率で受けるダメージを15%軽減
精霊の加護,精霊の加護Lv2,2,戦闘(生存),一定確率で受けるダメージを30%軽減,55,550,3,一定確率で受けるダメージを軽減する。,精霊の加護 精霊の加護Lv2 一定確率で受けるダメージを軽減する。 一定確率で受けるダメージを30%軽減
精霊の加護,精霊の加護Lv3,3,戦闘(生存),一定確率で受けるダメージを50%軽減,55,550,3,一定確率で受けるダメージを軽減する。,精霊の加護 精霊の加護Lv3 一定確率で受けるダメージを軽減する。 一定確率で受けるダメージを50%軽減
根性,根性Lv1,1,戦闘(生存),一定以上体力がある際、それを超えるダメージを受けても力尽きない(1回),,,15,一定以上の体力があるとき、大ダメージを受けても一度だけ力尽きずに耐える。,根性 根性Lv1 一定以上の体力があるとき、大ダメージを受けても一度だけ力尽きずに耐える。 一定以上体力がある際、それを超えるダメージを受けても力尽きない(1回)
根性,根性Lv2,2,戦闘(生存),一定以上体力がある際、それを超えるダメージを受けても力尽きない(1回),,,15,一定以上の体力があるとき、大ダメージを受けても一度だけ力尽きずに耐える。,根性 根性Lv2 一定以上の体力があるとき、大ダメージを受けても一度だけ力尽きずに耐える。 一定以上体力がある際、それを超えるダメージを受けても力尽きない(1回)
根性,根性Lv3,3,戦闘(生存),一定以上体力がある際、それを超えるダメージを受けても力尽きない(1回),,,15,一定以上の体力があるとき、大ダメージを受けても一度だけ力尽きずに耐える。,根性 根性Lv3 一定以上の体力があるとき、大ダメージを受けても一度だけ力尽きずに耐える。 一定以上体力がある際、それを超えるダメージを受けても力尽きない(1回)
激昂,激昂Lv1,1,戦闘(生存),疾替えの書〖朱〗使用中、大型モンスターとの戦闘で怒りを蓄積。怒りが最大時に疾替えの書〖蒼〗へ切替えると一定時間スタミナ消費無効。,,,9,朱の書で戦闘中に怒りを蓄積し、最大時に蒼へ切り替えると一定時間スタミナ消費を無効化する。,激昂 激昂Lv1 朱の書で戦闘中に怒りを蓄積し、最大時に蒼へ切り替えると一定時間スタミナ消費を無効化する。 疾替えの書〖朱〗使用中、大型モンスターとの戦闘で怒りを蓄積。怒りが最大時に疾替えの書〖蒼〗へ切替えると一定時間スタミナ消費無効。
激昂,激昂Lv2,2,戦闘(生存),疾替えの書〖朱〗使用中、大型モンスターとの戦闘で怒りを蓄積。怒りが最大時に疾替えの書〖蒼〗へ切替えると一定時間スタミナ消費無効。,,,9,朱の書で戦闘中に怒りを蓄積し、最大時に蒼へ切り替えると一定時間スタミナ消費を無効化する。,激昂 激昂Lv2 朱の書で戦闘中に怒りを蓄積し、最大時に蒼へ切り替えると一定時間スタミナ消費を無効化する。 疾替えの書〖朱〗使用中、大型モンスターとの戦闘で怒りを蓄積。怒りが最大時に疾替えの書〖蒼〗へ切替えると一定時間スタミナ消費無効。
激昂,激昂Lv3,3,戦闘(生存),疾替えの書〖朱〗使用中、大型モンスターとの戦闘で怒りを蓄積。怒りが最大時に疾替えの書〖蒼〗へ切替えると一定時間スタミナ消費無効。,,,9,朱の書で戦闘中に怒りを蓄積し、最大時に蒼へ切り替えると一定時間スタミナ消費を無効化する。,激昂 激昂Lv3 朱の書で戦闘中に怒りを蓄積し、最大時に蒼へ切り替えると一定時間スタミナ消費を無効化する。 疾替えの書〖朱〗使用中、大型モンスターとの戦闘で怒りを蓄積。怒りが最大時に疾替えの書〖蒼〗へ切替えると一定時間スタミナ消費無効。
顕如盤石,顕如盤石Lv1,1,特殊攻撃耐性,戦闘中の大型モンスターが怒ると、防御性能が上がる,,,6,大型モンスターが怒っている間、防御性能を高める。,顕如盤石 顕如盤石Lv1 大型モンスターが怒っている間、防御性能を高める。 戦闘中の大型モンスターが怒ると、防御性能が上がる
顕如盤石,顕如盤石Lv2,2,特殊攻撃耐性,戦闘中の大型モンスターが怒ると、防御性能が上がる,,,6,大型モンスターが怒っている間、防御性能を高める。,顕如盤石 顕如盤石Lv2 大型モンスターが怒っている間、防御性能を高める。 戦闘中の大型モンスターが怒ると、防御性能が上がる
顕如盤石,顕如盤石Lv3,3,特殊攻撃耐性,戦闘中の大型モンスターが怒ると、防御性能が上がる,,,6,大型モンスターが怒っている間、防御性能を高める。,顕如盤石 顕如盤石Lv3 大型モンスターが怒っている間、防御性能を高める。 戦闘中の大型モンスターが怒ると、防御性能が上がる
顕如盤石,顕如盤石Lv4,4,特殊攻撃耐性,戦闘中の大型モンスターが怒ると、防御性能が上がる,,,6,大型モンスターが怒っている間、防御性能を高める。,顕如盤石 顕如盤石Lv4 大型モンスターが怒っている間、防御性能を高める。 戦闘中の大型モンスターが怒ると、防御性能が上がる
顕如盤石,顕如盤石Lv5,5,特殊攻撃耐性,戦闘中の大型モンスターが怒ると、防御性能が上がる,,,6,大型モンスターが怒っている間、防御性能を高める。,顕如盤石 顕如盤石Lv5 大型モンスターが怒っている間、防御性能を高める。 戦闘中の大型モンスターが怒ると、防御性能が上がる
剛心,剛心Lv1,1,戦闘(生存),攻撃を当て続け剛心ゲージが最大のときにふきとぶ攻撃を受けると、一度だけダメージリアクションを無効化し、受けるダメージを軽減する効果を得る。,,,6,攻撃を続けてゲージを最大にすると、吹き飛ぶ攻撃を一度だけ耐え、受けるダメージを軽減する。,剛心 剛心Lv1 攻撃を続けてゲージを最大にすると、吹き飛ぶ攻撃を一度だけ耐え、受けるダメージを軽減する。 攻撃を当て続け剛心ゲージが最大のときにふきとぶ攻撃を受けると、一度だけダメージリアクションを無効化し、受けるダメージを軽減する効果を得る。
剛心,剛心Lv2,2,戦闘(生存),攻撃を当て続け剛心ゲージが最大のときにふきとぶ攻撃を受けると、一度だけダメージリアクションを無効化し、受けるダメージを軽減する効果を得る。,,,6,攻撃を続けてゲージを最大にすると、吹き飛ぶ攻撃を一度だけ耐え、受けるダメージを軽減する。,剛心 剛心Lv2 攻撃を続けてゲージを最大にすると、吹き飛ぶ攻撃を一度だけ耐え、受けるダメージを軽減する。 攻撃を当て続け剛心ゲージが最大のときにふきとぶ攻撃を受けると、一度だけダメージリアクションを無効化し、受けるダメージを軽減する効果を得る。
煽衛,煽衛Lv1,1,戦闘(生存),大型モンスターに狙われている間、対象のモンスターは怒りやすくなるがプレイヤーの防御性能は上がる,,,6,大型モンスターに狙われている間、モンスターを怒りやすくする代わりに防御性能を高める。,煽衛 煽衛Lv1 大型モンスターに狙われている間、モンスターを怒りやすくする代わりに防御性能を高める。 大型モンスターに狙われている間、対象のモンスターは怒りやすくなるがプレイヤーの防御性能は上がる
煽衛,煽衛Lv2,2,戦闘(生存),大型モンスターに狙われている間、対象のモンスターは怒りやすくなるがプレイヤーの防御性能は上がる,,,6,大型モンスターに狙われている間、モンスターを怒りやすくする代わりに防御性能を高める。,煽衛 煽衛Lv2 大型モンスターに狙われている間、モンスターを怒りやすくする代わりに防御性能を高める。 大型モンスターに狙われている間、対象のモンスターは怒りやすくなるがプレイヤーの防御性能は上がる
煽衛,煽衛Lv3,3,戦闘(生存),大型モンスターに狙われている間、対象のモンスターは怒りやすくなるがプレイヤーの防御性能は上がる,,,6,大型モンスターに狙われている間、モンスターを怒りやすくする代わりに防御性能を高める。,煽衛 煽衛Lv3 大型モンスターに狙われている間、モンスターを怒りやすくする代わりに防御性能を高める。 大型モンスターに狙われている間、対象のモンスターは怒りやすくなるがプレイヤーの防御性能は上がる
回復速度,回復速度Lv1,1,戦闘(生存),赤ゲージの自動回復速度2倍,57,570,3,被弾時の赤ゲージ部分の回復速度を上げる。,回復速度 回復速度Lv1 被弾時の赤ゲージ部分の回復速度を上げる。 赤ゲージの自動回復速度2倍
回復速度,回復速度Lv2,2,戦闘(生存),赤ゲージの自動回復速度3倍,57,570,3,被弾時の赤ゲージ部分の回復速度を上げる。,回復速度 回復速度Lv2 被弾時の赤ゲージ部分の回復速度を上げる。 赤ゲージの自動回復速度3倍
回復速度,回復速度Lv3,3,戦闘(生存),赤ゲージの自動回復速度4倍,57,570,3,被弾時の赤ゲージ部分の回復速度を上げる。,回復速度 回復速度Lv3 被弾時の赤ゲージ部分の回復速度を上げる。 赤ゲージの自動回復速度4倍
耳栓,耳栓Lv1,1,特殊攻撃耐性,咆哮【小】の影響を軽減する,59,590,9,大型モンスターの咆哮への耐性を高める。,耳栓 耳栓Lv1 大型モンスターの咆哮への耐性を高める。 咆哮【小】の影響を軽減する
耳栓,耳栓Lv2,2,特殊攻撃耐性,咆哮【小】の影響を無効化,59,590,9,大型モンスターの咆哮への耐性を高める。,耳栓 耳栓Lv2 大型モンスターの咆哮への耐性を高める。 咆哮【小】の影響を無効化
耳栓,耳栓Lv3,3,特殊攻撃耐性,咆哮【小】を無効化し、咆哮【大】の影響を軽減する,59,590,9,大型モンスターの咆哮への耐性を高める。,耳栓 耳栓Lv3 大型モンスターの咆哮への耐性を高める。 咆哮【小】を無効化し、咆哮【大】の影響を軽減する
耳栓,耳栓Lv4,4,特殊攻撃耐性,咆哮【小】【大】を無効化する,59,590,9,大型モンスターの咆哮への耐性を高める。,耳栓 耳栓Lv4 大型モンスターの咆哮への耐性を高める。 咆哮【小】【大】を無効化する
耳栓,耳栓Lv5,5,特殊攻撃耐性,咆哮【小】【大】を無効化し、強方向を軽減する,59,590,9,大型モンスターの咆哮への耐性を高める。,耳栓 耳栓Lv5 大型モンスターの咆哮への耐性を高める。 咆哮【小】【大】を無効化し、強方向を軽減する
風圧耐性,風圧耐性Lv1,1,特殊攻撃耐性,風圧【小】を無効化する,60,600,3,風圧への耐性を高める。,風圧耐性 風圧耐性Lv1 風圧への耐性を高める。 風圧【小】を無効化する
風圧耐性,風圧耐性Lv2,2,特殊攻撃耐性,風圧【小】【大】を無効化する,60,600,3,風圧への耐性を高める。,風圧耐性 風圧耐性Lv2 風圧への耐性を高める。 風圧【小】【大】を無効化する
風圧耐性,風圧耐性Lv3,3,特殊攻撃耐性,風圧【小】【大】を無効化し、龍風圧の影響を軽減する,60,600,3,風圧への耐性を高める。,風圧耐性 風圧耐性Lv3 風圧への耐性を高める。 風圧【小】【大】を無効化し、龍風圧の影響を軽減する
耐震,耐震Lv1,1,特殊攻撃耐性,振動【小】を無効化,61,610,6,振動への耐性を得る。,耐震 耐震Lv1 振動への耐性を得る。 振動【小】を無効化
耐震,耐震Lv2,2,特殊攻撃耐性,振動【小】を無効化、振動【大】を軽減,61,610,6,振動への耐性を得る。,耐震 耐震Lv2 振動への耐性を得る。 振動【小】を無効化、振動【大】を軽減
耐震,耐震Lv3,3,特殊攻撃耐性,振動【小】【大】を無効化,61,610,6,振動への耐性を得る。,耐震 耐震Lv3 振動への耐性を得る。 振動【小】【大】を無効化
泡沫の舞,泡沫の舞Lv1,1,特殊攻撃耐性,泡やられ【大】の影響を軽減する,62,620,6,泡やられを軽減し、泡によって回避能力を高める。,泡沫の舞 泡沫の舞Lv1 泡やられを軽減し、泡によって回避能力を高める。 泡やられ【大】の影響を軽減する
泡沫の舞,泡沫の舞Lv2,2,特殊攻撃耐性,泡やられ【大】を【小】に抑え泡やられ時に回避能力を強化する,62,620,6,泡やられを軽減し、泡によって回避能力を高める。,泡沫の舞 泡沫の舞Lv2 泡やられを軽減し、泡によって回避能力を高める。 泡やられ【大】を【小】に抑え泡やられ時に回避能力を強化する
泡沫の舞,泡沫の舞Lv3,3,特殊攻撃耐性,更に回避行動を複数回行うと泡やられ状態になる,62,620,6,泡やられを軽減し、泡によって回避能力を高める。,泡沫の舞 泡沫の舞Lv3 泡やられを軽減し、泡によって回避能力を高める。 更に回避行動を複数回行うと泡やられ状態になる
鬼火纏,鬼火纏Lv1,1,特殊攻撃耐性,鬼火への耐性を得て、攻撃を行うことで鬼火を纏い爆発を攻撃に転用する。鬼火によって受けるダメージを減少する,93,930,9,鬼火への耐性を得て、攻撃で鬼火を纏い、鬼火を攻撃に利用できる。,鬼火纏 鬼火纏Lv1 鬼火への耐性を得て、攻撃で鬼火を纏い、鬼火を攻撃に利用できる。 鬼火への耐性を得て、攻撃を行うことで鬼火を纏い爆発を攻撃に転用する。鬼火によって受けるダメージを減少する
鬼火纏,鬼火纏Lv2,2,特殊攻撃耐性,鬼火への耐性を得て、攻撃を行うことで鬼火を纏い爆発を攻撃に転用する。鬼火爆発で与えるダメージを増加する,93,930,9,鬼火への耐性を得て、攻撃で鬼火を纏い、鬼火を攻撃に利用できる。,鬼火纏 鬼火纏Lv2 鬼火への耐性を得て、攻撃で鬼火を纏い、鬼火を攻撃に利用できる。 鬼火への耐性を得て、攻撃を行うことで鬼火を纏い爆発を攻撃に転用する。鬼火爆発で与えるダメージを増加する
鬼火纏,鬼火纏Lv3,3,特殊攻撃耐性,鬼火への耐性を得て、攻撃を行うことで鬼火を纏い爆発を攻撃に転用する。モンスター怒り時に自動で鬼火やられを発症する,93,930,9,鬼火への耐性を得て、攻撃で鬼火を纏い、鬼火を攻撃に利用できる。,鬼火纏 鬼火纏Lv3 鬼火への耐性を得て、攻撃で鬼火を纏い、鬼火を攻撃に利用できる。 鬼火への耐性を得て、攻撃を行うことで鬼火を纏い爆発を攻撃に転用する。モンスター怒り時に自動で鬼火やられを発症する
鬼火纏,鬼火纏Lv4,4,特殊攻撃耐性,鬼火への耐性を得て、攻撃を行うことで鬼火を纏い爆発を攻撃に転用する。モンスターの怒り終了後も効果が１分持続,93,930,9,鬼火への耐性を得て、攻撃で鬼火を纏い、鬼火を攻撃に利用できる。,鬼火纏 鬼火纏Lv4 鬼火への耐性を得て、攻撃で鬼火を纏い、鬼火を攻撃に利用できる。 鬼火への耐性を得て、攻撃を行うことで鬼火を纏い爆発を攻撃に転用する。モンスターの怒り終了後も効果が１分持続
回避性能,回避性能Lv1,1,戦闘(生存),無敵時間がほんのわずかに延長,63,630,6,回避行動の無敵時間を延ばす。,回避性能 回避性能Lv1 回避行動の無敵時間を延ばす。 無敵時間がほんのわずかに延長
回避性能,回避性能Lv2,2,戦闘(生存),無敵時間がわずかに延長,63,630,6,回避行動の無敵時間を延ばす。,回避性能 回避性能Lv2 回避行動の無敵時間を延ばす。 無敵時間がわずかに延長
回避性能,回避性能Lv3,3,戦闘(生存),無敵時間が延長,63,630,6,回避行動の無敵時間を延ばす。,回避性能 回避性能Lv3 回避行動の無敵時間を延ばす。 無敵時間が延長
回避性能,回避性能Lv4,4,戦闘(生存),無敵時間が大きく延長,63,630,6,回避行動の無敵時間を延ばす。,回避性能 回避性能Lv4 回避行動の無敵時間を延ばす。 無敵時間が大きく延長
回避性能,回避性能Lv5,5,戦闘(生存),無敵時間がとても大きく延長,63,630,6,回避行動の無敵時間を延ばす。,回避性能 回避性能Lv5 回避行動の無敵時間を延ばす。 無敵時間がとても大きく延長
回避距離ＵＰ,回避距離ＵＰLv1,1,戦闘(生存),回避距離がわずかに延長,64,640,6,回避行動の移動距離を延ばす。,回避距離ＵＰ 回避距離ＵＰLv1 回避行動の移動距離を延ばす。 回避距離がわずかに延長
回避距離ＵＰ,回避距離ＵＰLv2,2,戦闘(生存),回避距離が延長,64,640,6,回避行動の移動距離を延ばす。,回避距離ＵＰ 回避距離ＵＰLv2 回避行動の移動距離を延ばす。 回避距離が延長
回避距離ＵＰ,回避距離ＵＰLv3,3,戦闘(生存),回避距離が大きく延長,64,640,6,回避行動の移動距離を延ばす。,回避距離ＵＰ 回避距離ＵＰLv3 回避行動の移動距離を延ばす。 回避距離が大きく延長
疾之息吹,疾之息吹Lv1,1,特殊攻撃耐性,疾替えを行うと一部の状態異常が解除、または軽減される。解除された数に応じて体力が回復する,,,,疾替えで一部の状態異常を解除・軽減し、解除数に応じて体力を回復する。,疾之息吹 疾之息吹Lv1 疾替えで一部の状態異常を解除・軽減し、解除数に応じて体力を回復する。 疾替えを行うと一部の状態異常が解除、または軽減される。解除された数に応じて体力が回復する
属性やられ耐性,属性やられ耐性Lv1,1,特殊攻撃耐性,全ての属性やられの時間が50%減る,65,650,3,全属性やられへの耐性を高める。,属性やられ耐性 属性やられ耐性Lv1 全属性やられへの耐性を高める。 全ての属性やられの時間が50%減る
属性やられ耐性,属性やられ耐性Lv2,2,特殊攻撃耐性,全ての属性やられの時間が75%減る,65,650,3,全属性やられへの耐性を高める。,属性やられ耐性 属性やられ耐性Lv2 全属性やられへの耐性を高める。 全ての属性やられの時間が75%減る
属性やられ耐性,属性やられ耐性Lv3,3,特殊攻撃耐性,全ての属性やられを無効化,65,650,3,全属性やられへの耐性を高める。,属性やられ耐性 属性やられ耐性Lv3 全属性やられへの耐性を高める。 全ての属性やられを無効化
毒耐性,毒耐性Lv1,1,特殊攻撃耐性,毒のダメージを受ける回数が少なくなる,66,660,3,毒によるダメージを軽減し、レベルに応じて毒への耐性を高める。,毒耐性 毒耐性Lv1 毒によるダメージを軽減し、レベルに応じて毒への耐性を高める。 毒のダメージを受ける回数が少なくなる
毒耐性,毒耐性Lv2,2,特殊攻撃耐性,毒のダメージを受ける回数がとても少なくなる,66,660,3,毒によるダメージを軽減し、レベルに応じて毒への耐性を高める。,毒耐性 毒耐性Lv2 毒によるダメージを軽減し、レベルに応じて毒への耐性を高める。 毒のダメージを受ける回数がとても少なくなる
毒耐性,毒耐性Lv3,3,特殊攻撃耐性,毒状態にならなくり、猛毒を軽減する,66,660,3,毒によるダメージを軽減し、レベルに応じて毒への耐性を高める。,毒耐性 毒耐性Lv3 毒によるダメージを軽減し、レベルに応じて毒への耐性を高める。 毒状態にならなくり、猛毒を軽減する
睡眠耐性,睡眠耐性Lv1,1,特殊攻撃耐性,睡眠の時間が30%減少,67,670,3,睡眠状態の時間を短縮する。,睡眠耐性 睡眠耐性Lv1 睡眠状態の時間を短縮する。 睡眠の時間が30%減少
睡眠耐性,睡眠耐性Lv2,2,特殊攻撃耐性,睡眠の時間が60%減少,67,670,3,睡眠状態の時間を短縮する。,睡眠耐性 睡眠耐性Lv2 睡眠状態の時間を短縮する。 睡眠の時間が60%減少
睡眠耐性,睡眠耐性Lv3,3,特殊攻撃耐性,睡眠状態にならなくなる,67,670,3,睡眠状態の時間を短縮する。,睡眠耐性 睡眠耐性Lv3 睡眠状態の時間を短縮する。 睡眠状態にならなくなる
気絶耐性,気絶耐性Lv1,1,特殊攻撃耐性,気絶状態の時間を60%減らす,68,680,3,気絶状態の時間を短縮する。,気絶耐性 気絶耐性Lv1 気絶状態の時間を短縮する。 気絶状態の時間を60%減らす
気絶耐性,気絶耐性Lv2,2,特殊攻撃耐性,気絶状態の時間を90%減らす,68,680,3,気絶状態の時間を短縮する。,気絶耐性 気絶耐性Lv2 気絶状態の時間を短縮する。 気絶状態の時間を90%減らす
気絶耐性,気絶耐性Lv3,3,特殊攻撃耐性,気絶状態にならない,68,680,3,気絶状態の時間を短縮する。,気絶耐性 気絶耐性Lv3 気絶状態の時間を短縮する。 気絶状態にならない
泥雪耐性,泥雪耐性Lv1,1,特殊攻撃耐性,モンスターの発生させた泥地や深雪での行動制限を軽減する。移動の制限を軽減,69,690,3,泥や深雪による行動制限を軽減する。,泥雪耐性 泥雪耐性Lv1 泥や深雪による行動制限を軽減する。 モンスターの発生させた泥地や深雪での行動制限を軽減する。移動の制限を軽減
泥雪耐性,泥雪耐性Lv2,2,特殊攻撃耐性,モンスターの発生させた泥地や深雪での行動制限を軽減する。移動の制限を受けない,69,690,3,泥や深雪による行動制限を軽減する。,泥雪耐性 泥雪耐性Lv2 泥や深雪による行動制限を軽減する。 モンスターの発生させた泥地や深雪での行動制限を軽減する。移動の制限を受けない
麻痺耐性,麻痺耐性Lv1,1,特殊攻撃耐性,麻痺の時間を30%減らす,98,980,3,麻痺状態の時間を短縮する。,麻痺耐性 麻痺耐性Lv1 麻痺状態の時間を短縮する。 麻痺の時間を30%減らす
麻痺耐性,麻痺耐性Lv2,2,特殊攻撃耐性,麻痺の時間を60%減らす,98,980,3,麻痺状態の時間を短縮する。,麻痺耐性 麻痺耐性Lv2 麻痺状態の時間を短縮する。 麻痺の時間を60%減らす
麻痺耐性,麻痺耐性Lv3,3,特殊攻撃耐性,麻痺状態にならない,98,980,3,麻痺状態の時間を短縮する。,麻痺耐性 麻痺耐性Lv3 麻痺状態の時間を短縮する。 麻痺状態にならない
爆破やられ耐性,爆破やられ耐性Lv1,1,特殊攻撃耐性,爆破までの時間が延長され、爆破ダメージを軽減する,99,990,3,爆破やられへの耐性を高める。,爆破やられ耐性 爆破やられ耐性Lv1 爆破やられへの耐性を高める。 爆破までの時間が延長され、爆破ダメージを軽減する
爆破やられ耐性,爆破やられ耐性Lv2,2,特殊攻撃耐性,爆破までの時間がさらに延長され、爆破ダメージを大きく軽減する,99,990,3,爆破やられへの耐性を高める。,爆破やられ耐性 爆破やられ耐性Lv2 爆破やられへの耐性を高める。 爆破までの時間がさらに延長され、爆破ダメージを大きく軽減する
爆破やられ耐性,爆破やられ耐性Lv3,3,特殊攻撃耐性,爆破やられ状態にならない,99,990,3,爆破やられへの耐性を高める。,爆破やられ耐性 爆破やられ耐性Lv3 爆破やられへの耐性を高める。 爆破やられ状態にならない
火耐性,火耐性Lv1,1,パラメータ変化,火耐性+6。,150,1050,,火耐性を高め、レベルに応じて防御力も高める。,火耐性 火耐性Lv1 火耐性を高め、レベルに応じて防御力も高める。 火耐性+6。
火耐性,火耐性Lv2,2,パラメータ変化,火耐性+12。,150,1050,,火耐性を高め、レベルに応じて防御力も高める。,火耐性 火耐性Lv2 火耐性を高め、レベルに応じて防御力も高める。 火耐性+12。
火耐性,火耐性Lv3,3,パラメータ変化,火耐性+20、防御力+10。,150,1050,,火耐性を高め、レベルに応じて防御力も高める。,火耐性 火耐性Lv3 火耐性を高め、レベルに応じて防御力も高める。 火耐性+20、防御力+10。
水耐性,水耐性Lv1,1,パラメータ変化,水耐性+6。,160,1060,,水耐性を高め、レベルに応じて防御力も高める。,水耐性 水耐性Lv1 水耐性を高め、レベルに応じて防御力も高める。 水耐性+6。
水耐性,水耐性Lv2,2,パラメータ変化,水耐性+12。,160,1060,,水耐性を高め、レベルに応じて防御力も高める。,水耐性 水耐性Lv2 水耐性を高め、レベルに応じて防御力も高める。 水耐性+12。
水耐性,水耐性Lv3,3,パラメータ変化,水耐性+20、防御力+10。,160,1060,,水耐性を高め、レベルに応じて防御力も高める。,水耐性 水耐性Lv3 水耐性を高め、レベルに応じて防御力も高める。 水耐性+20、防御力+10。
氷耐性,氷耐性Lv1,1,パラメータ変化,氷耐性+6。,170,1070,,氷耐性を高め、レベルに応じて防御力も高める。,氷耐性 氷耐性Lv1 氷耐性を高め、レベルに応じて防御力も高める。 氷耐性+6。
氷耐性,氷耐性Lv2,2,パラメータ変化,氷耐性+12。,170,1070,,氷耐性を高め、レベルに応じて防御力も高める。,氷耐性 氷耐性Lv2 氷耐性を高め、レベルに応じて防御力も高める。 氷耐性+12。
氷耐性,氷耐性Lv3,3,パラメータ変化,氷耐性+20、防御力+10。,170,1070,,氷耐性を高め、レベルに応じて防御力も高める。,氷耐性 氷耐性Lv3 氷耐性を高め、レベルに応じて防御力も高める。 氷耐性+20、防御力+10。
雷耐性,雷耐性Lv1,1,パラメータ変化,雷耐性+6。,180,1080,,雷耐性を高め、レベルに応じて防御力も高める。,雷耐性 雷耐性Lv1 雷耐性を高め、レベルに応じて防御力も高める。 雷耐性+6。
雷耐性,雷耐性Lv2,2,パラメータ変化,雷耐性+12。,180,1080,,雷耐性を高め、レベルに応じて防御力も高める。,雷耐性 雷耐性Lv2 雷耐性を高め、レベルに応じて防御力も高める。 雷耐性+12。
雷耐性,雷耐性Lv3,3,パラメータ変化,雷耐性+20、防御力+10。,180,1080,,雷耐性を高め、レベルに応じて防御力も高める。,雷耐性 雷耐性Lv3 雷耐性を高め、レベルに応じて防御力も高める。 雷耐性+20、防御力+10。
龍耐性,龍耐性Lv1,1,パラメータ変化,龍耐性+6。,190,1090,,龍耐性を高め、レベルに応じて防御力も高める。,龍耐性 龍耐性Lv1 龍耐性を高め、レベルに応じて防御力も高める。 龍耐性+6。
龍耐性,龍耐性Lv2,2,パラメータ変化,龍耐性+12。,190,1090,,龍耐性を高め、レベルに応じて防御力も高める。,龍耐性 龍耐性Lv2 龍耐性を高め、レベルに応じて防御力も高める。 龍耐性+12。
龍耐性,龍耐性Lv3,3,パラメータ変化,龍耐性+20、防御力+10。,190,1090,,龍耐性を高め、レベルに応じて防御力も高める。,龍耐性 龍耐性Lv3 龍耐性を高め、レベルに応じて防御力も高める。 龍耐性+20、防御力+10。
供応,供応Lv1,1,クエスト,1分ごとにヒトダマドリのいずれかの効果を取得する(一部クエストを除く),,,3,一定時間ごとにヒトダマドリのいずれかの効果を得る。,供応 供応Lv1 一定時間ごとにヒトダマドリのいずれかの効果を得る。 1分ごとにヒトダマドリのいずれかの効果を取得する(一部クエストを除く)
植生学,植生学Lv1,1,クエスト,草系消費アイテムの取得数+1,70,700,,採取で得られる消費アイテムの数を増やす。,植生学 植生学Lv1 採取で得られる消費アイテムの数を増やす。 草系消費アイテムの取得数+1
植生学,植生学Lv2,2,クエスト,さらに実、種系消費アイテムの取得数+1,70,700,,採取で得られる消費アイテムの数を増やす。,植生学 植生学Lv2 採取で得られる消費アイテムの数を増やす。 さらに実、種系消費アイテムの取得数+1
植生学,植生学Lv3,3,クエスト,さらに虫系消費アイテムの取得数+1,70,700,,採取で得られる消費アイテムの数を増やす。,植生学 植生学Lv3 採取で得られる消費アイテムの数を増やす。 さらに虫系消費アイテムの取得数+1
植生学,植生学Lv4,4,クエスト,さらにキノコ系消費アイテムの取得数+1,70,700,,採取で得られる消費アイテムの数を増やす。,植生学 植生学Lv4 採取で得られる消費アイテムの数を増やす。 さらにキノコ系消費アイテムの取得数+1
地質学,地質学Lv1,1,クエスト,骨採取ポイントの採取回数+1,71,710,,採取ポイントから取得できるアイテム数を増やす。,地質学 地質学Lv1 採取ポイントから取得できるアイテム数を増やす。 骨採取ポイントの採取回数+1
地質学,地質学Lv2,2,クエスト,さらに特産品採取ポイントの採取回数+1,71,710,,採取ポイントから取得できるアイテム数を増やす。,地質学 地質学Lv2 採取ポイントから取得できるアイテム数を増やす。 さらに特産品採取ポイントの採取回数+1
地質学,地質学Lv3,3,クエスト,さらに鉱石採取ポイントの採取回数+1,71,710,,採取ポイントから取得できるアイテム数を増やす。,地質学 地質学Lv3 採取ポイントから取得できるアイテム数を増やす。 さらに鉱石採取ポイントの採取回数+1
捕獲名人,捕獲名人Lv1,1,クエスト,捕獲でもらえる報酬の数が高確率で多くなる,73,730,,捕獲時の報酬数が増えやすくなる。,捕獲名人 捕獲名人Lv1 捕獲時の報酬数が増えやすくなる。 捕獲でもらえる報酬の数が高確率で多くなる
幸運,幸運Lv1,1,クエスト,クエストクリアでもらえる報酬の数が多くなりやすい。得られる確率がわずかに上がる,74,740,12,クエストクリア時の報酬数が増えやすくなる。,幸運 幸運Lv1 クエストクリア時の報酬数が増えやすくなる。 クエストクリアでもらえる報酬の数が多くなりやすい。得られる確率がわずかに上がる
幸運,幸運Lv2,2,クエスト,クエストクリアでもらえる報酬の数が多くなりやすい。得られる確率が上がる,74,740,12,クエストクリア時の報酬数が増えやすくなる。,幸運 幸運Lv2 クエストクリア時の報酬数が増えやすくなる。 クエストクリアでもらえる報酬の数が多くなりやすい。得られる確率が上がる
幸運,幸運Lv3,3,クエスト,クエストクリアでもらえる報酬の数が多くなりやすい。得られる確率がさらに上がる,74,740,12,クエストクリア時の報酬数が増えやすくなる。,幸運 幸運Lv3 クエストクリア時の報酬数が増えやすくなる。 クエストクリアでもらえる報酬の数が多くなりやすい。得られる確率がさらに上がる
体力回復量ＵＰ,体力回復量ＵＰLv1,1,アイテム,回復量がわずかに増加する,56,560,3,体力回復時の回復量を増やす。,体力回復量ＵＰ 体力回復量ＵＰLv1 体力回復時の回復量を増やす。 回復量がわずかに増加する
体力回復量ＵＰ,体力回復量ＵＰLv2,2,アイテム,回復量が増加する,56,560,3,体力回復時の回復量を増やす。,体力回復量ＵＰ 体力回復量ＵＰLv2 体力回復時の回復量を増やす。 回復量が増加する
体力回復量ＵＰ,体力回復量ＵＰLv3,3,アイテム,回復量がかなり増加する,56,560,3,体力回復時の回復量を増やす。,体力回復量ＵＰ 体力回復量ＵＰLv3 体力回復時の回復量を増やす。 回復量がかなり増加する
早食い,早食いLv1,1,アイテム,肉やアイテムを食べる速度がわずかに上昇する,58,580,6,肉やアイテムを食べる速度を高める。,早食い 早食いLv1 肉やアイテムを食べる速度を高める。 肉やアイテムを食べる速度がわずかに上昇する
早食い,早食いLv2,2,アイテム,肉やアイテムを食べる速度が上昇する,58,580,6,肉やアイテムを食べる速度を高める。,早食い 早食いLv2 肉やアイテムを食べる速度を高める。 肉やアイテムを食べる速度が上昇する
早食い,早食いLv3,3,アイテム,肉やアイテムを食べる速度がかなり上昇する,58,580,6,肉やアイテムを食べる速度を高める。,早食い 早食いLv3 肉やアイテムを食べる速度を高める。 肉やアイテムを食べる速度がかなり上昇する
キノコ大好き,キノコ大好きLv1,1,アイテム,アオキノコと毒テングダケがたべられるようになる,77,770,9,通常は食べられないキノコを食べられるようにし、種類に応じた効果を得る。,キノコ大好き キノコ大好きLv1 通常は食べられないキノコを食べられるようにし、種類に応じた効果を得る。 アオキノコと毒テングダケがたべられるようになる
キノコ大好き,キノコ大好きLv2,2,アイテム,さらにニトロダケとマヒダケを食べられるようになる,77,770,9,通常は食べられないキノコを食べられるようにし、種類に応じた効果を得る。,キノコ大好き キノコ大好きLv2 通常は食べられないキノコを食べられるようにし、種類に応じた効果を得る。 さらにニトロダケとマヒダケを食べられるようになる
キノコ大好き,キノコ大好きLv3,3,アイテム,さらにマンドラゴラとドキドキノコが食べられるようになる,77,770,9,通常は食べられないキノコを食べられるようにし、種類に応じた効果を得る。,キノコ大好き キノコ大好きLv3 通常は食べられないキノコを食べられるようにし、種類に応じた効果を得る。 さらにマンドラゴラとドキドキノコが食べられるようになる
アイテム使用強化,アイテム使用強化Lv1,1,アイテム,一部アイテムの効果時間が1.1倍,78,780,3,一部のアイテムの効果時間を延長する。,アイテム使用強化 アイテム使用強化Lv1 一部のアイテムの効果時間を延長する。 一部アイテムの効果時間が1.1倍
アイテム使用強化,アイテム使用強化Lv2,2,アイテム,一部アイテムの効果時間が1.25倍,78,780,3,一部のアイテムの効果時間を延長する。,アイテム使用強化 アイテム使用強化Lv2 一部のアイテムの効果時間を延長する。 一部アイテムの効果時間が1.25倍
アイテム使用強化,アイテム使用強化Lv3,3,アイテム,一部アイテムの効果時間が1.5倍,78,780,3,一部のアイテムの効果時間を延長する。,アイテム使用強化 アイテム使用強化Lv3 一部のアイテムの効果時間を延長する。 一部アイテムの効果時間が1.5倍
広域化,広域化Lv1,1,アイテム,一部アイテムを使用した時、効果の1/3を周囲の仲間にも与える,79,790,3,一部アイテムの効果を一定範囲の仲間にも適用し、レベルに応じて範囲や対象効果を広げる。,広域化 広域化Lv1 一部アイテムの効果を一定範囲の仲間にも適用し、レベルに応じて範囲や対象効果を広げる。 一部アイテムを使用した時、効果の1/3を周囲の仲間にも与える
広域化,広域化Lv2,2,アイテム,一部アイテムを使用した時、効果の1/3を広い範囲の仲間にも与える,79,790,3,一部アイテムの効果を一定範囲の仲間にも適用し、レベルに応じて範囲や対象効果を広げる。,広域化 広域化Lv2 一部アイテムの効果を一定範囲の仲間にも適用し、レベルに応じて範囲や対象効果を広げる。 一部アイテムを使用した時、効果の1/3を広い範囲の仲間にも与える
広域化,広域化Lv3,3,アイテム,一部アイテムを使用した時、効果の2/3を広い範囲の仲間にも与える,79,790,3,一部アイテムの効果を一定範囲の仲間にも適用し、レベルに応じて範囲や対象効果を広げる。,広域化 広域化Lv3 一部アイテムの効果を一定範囲の仲間にも適用し、レベルに応じて範囲や対象効果を広げる。 一部アイテムを使用した時、効果の2/3を広い範囲の仲間にも与える
広域化,広域化Lv4,4,アイテム,一部アイテムを使用した時、効果の2/3をかなり広い範囲の仲間にも与える,79,790,3,一部アイテムの効果を一定範囲の仲間にも適用し、レベルに応じて範囲や対象効果を広げる。,広域化 広域化Lv4 一部アイテムの効果を一定範囲の仲間にも適用し、レベルに応じて範囲や対象効果を広げる。 一部アイテムを使用した時、効果の2/3をかなり広い範囲の仲間にも与える
広域化,広域化Lv5,5,アイテム,一部アイテムを使用した時、そのままの効果をかなり広い範囲の仲間にも与える,79,790,3,一部アイテムの効果を一定範囲の仲間にも適用し、レベルに応じて範囲や対象効果を広げる。,広域化 広域化Lv5 一部アイテムの効果を一定範囲の仲間にも適用し、レベルに応じて範囲や対象効果を広げる。 一部アイテムを使用した時、そのままの効果をかなり広い範囲の仲間にも与える
満足感,満足感Lv1,1,アイテム,10%の確率で食べたり飲んだりするアイテムがもう1度使える,80,800,3,食べたり飲んだりするアイテムを一定確率でもう一度使用できる。,満足感 満足感Lv1 食べたり飲んだりするアイテムを一定確率でもう一度使用できる。 10%の確率で食べたり飲んだりするアイテムがもう1度使える
満足感,満足感Lv2,2,アイテム,25%の確率で食べたり飲んだりするアイテムがもう1度使える,80,800,3,食べたり飲んだりするアイテムを一定確率でもう一度使用できる。,満足感 満足感Lv2 食べたり飲んだりするアイテムを一定確率でもう一度使用できる。 25%の確率で食べたり飲んだりするアイテムがもう1度使える
満足感,満足感Lv3,3,アイテム,45%の確率で食べたり飲んだりするアイテムがもう1度使える,80,800,3,食べたり飲んだりするアイテムを一定確率でもう一度使用できる。,満足感 満足感Lv3 食べたり飲んだりするアイテムを一定確率でもう一度使用できる。 45%の確率で食べたり飲んだりするアイテムがもう1度使える
砥石使用高速化,砥石使用高速化Lv1,1,アイテム,研ぎ動作を1回省略,75,750,3,砥石の使用時間を短縮する。,砥石使用高速化 砥石使用高速化Lv1 砥石の使用時間を短縮する。 研ぎ動作を1回省略
砥石使用高速化,砥石使用高速化Lv2,2,アイテム,研ぎ動作を2回省略,75,750,3,砥石の使用時間を短縮する。,砥石使用高速化 砥石使用高速化Lv2 砥石の使用時間を短縮する。 研ぎ動作を2回省略
砥石使用高速化,砥石使用高速化Lv3,3,アイテム,研ぎ動作を3回省略,75,750,3,砥石の使用時間を短縮する。,砥石使用高速化 砥石使用高速化Lv3 砥石の使用時間を短縮する。 研ぎ動作を3回省略
ボマー,ボマーLv1,1,アイテム,爆発系アイテムのダメージが1.1倍,76,760,,爆弾系アイテムのダメージを高める。,ボマー ボマーLv1 爆弾系アイテムのダメージを高める。 爆発系アイテムのダメージが1.1倍
ボマー,ボマーLv2,2,アイテム,爆発系アイテムのダメージが1.2倍,76,760,,爆弾系アイテムのダメージを高める。,ボマー ボマーLv2 爆弾系アイテムのダメージを高める。 爆発系アイテムのダメージが1.2倍
ボマー,ボマーLv3,3,アイテム,爆発系アイテムのダメージが1.3倍,76,760,,爆弾系アイテムのダメージを高める。,ボマー ボマーLv3 爆弾系アイテムのダメージを高める。 爆発系アイテムのダメージが1.3倍
ひるみ軽減,ひるみ軽減Lv1,1,戦闘(生存),のけぞり無効。,83,830,3,小ダメージ時のひるみを軽減する。,ひるみ軽減 ひるみ軽減Lv1 小ダメージ時のひるみを軽減する。 のけぞり無効。
ひるみ軽減,ひるみ軽減Lv2,2,戦闘(生存),のけぞり無効、しりもちをのけぞりに軽減。,83,830,3,小ダメージ時のひるみを軽減する。,ひるみ軽減 ひるみ軽減Lv2 小ダメージ時のひるみを軽減する。 のけぞり無効、しりもちをのけぞりに軽減。
ひるみ軽減,ひるみ軽減Lv3,3,戦闘(生存),しりもちを無効。,83,830,3,小ダメージ時のひるみを軽減する。,ひるみ軽減 ひるみ軽減Lv3 小ダメージ時のひるみを軽減する。 しりもちを無効。
ジャンプ鉄人,ジャンプ鉄人Lv1,1,クエスト,ジャンプ中にのけぞり無効,84,840,,ジャンプ中に攻撃を受けてもひるまなくする。,ジャンプ鉄人 ジャンプ鉄人Lv1 ジャンプ中に攻撃を受けてもひるまなくする。 ジャンプ中にのけぞり無効
剥ぎ取り鉄人,剥ぎ取り鉄人Lv1,1,クエスト,剥ぎ取り中、のけぞり無効,96,960,,剥ぎ取り中に攻撃を受けても吹き飛ばなくする。,剥ぎ取り鉄人 剥ぎ取り鉄人Lv1 剥ぎ取り中に攻撃を受けても吹き飛ばなくする。 剥ぎ取り中、のけぞり無効
剥ぎ取り名人,剥ぎ取り名人Lv1,1,クエスト,剥ぎ取り回数が１回増える。（クエストの途中からは、効果が得られません）,140,1040,,剥ぎ取り回数を1回増やす。,剥ぎ取り名人 剥ぎ取り名人Lv1 剥ぎ取り回数を1回増やす。 剥ぎ取り回数が１回増える。（クエストの途中からは、効果が得られません）
腹減り耐性,腹減り耐性Lv1,1,クエスト,スタミナ最大値の時間減少を50%延長,85,850,3,時間経過によるスタミナ最大値の減少を抑える。,腹減り耐性 腹減り耐性Lv1 時間経過によるスタミナ最大値の減少を抑える。 スタミナ最大値の時間減少を50%延長
腹減り耐性,腹減り耐性Lv2,2,クエスト,スタミナ最大値の時間減少を100%延長,85,850,3,時間経過によるスタミナ最大値の減少を抑える。,腹減り耐性 腹減り耐性Lv2 時間経過によるスタミナ最大値の減少を抑える。 スタミナ最大値の時間減少を100%延長
腹減り耐性,腹減り耐性Lv3,3,クエスト,スタミナ最大値の減少を無効化,85,850,3,時間経過によるスタミナ最大値の減少を抑える。,腹減り耐性 腹減り耐性Lv3 時間経過によるスタミナ最大値の減少を抑える。 スタミナ最大値の減少を無効化
飛び込み,飛び込みLv1,1,クエスト,大型モンスターに向かってジャンプ回避ができるようになる。また、飛距離も伸びる,86,860,3,大型モンスターへ向けたジャンプ回避を可能にし、飛距離も延ばす。,飛び込み 飛び込みLv1 大型モンスターへ向けたジャンプ回避を可能にし、飛距離も延ばす。 大型モンスターに向かってジャンプ回避ができるようになる。また、飛距離も伸びる
陽動,陽動Lv1,1,クエスト,攻撃を当てたとき、モンスターの注意をより強く引くようになる,87,870,3,攻撃時にモンスターの注意を引きやすくする。,陽動 陽動Lv1 攻撃時にモンスターの注意を引きやすくする。 攻撃を当てたとき、モンスターの注意をより強く引くようになる
乗り名人,乗り名人Lv1,1,クエスト,操竜ゲージが溜まりやすくなり回避カウンターが取りやすくなる,88,880,3,操竜をしやすくする。,乗り名人 乗り名人Lv1 操竜をしやすくする。 操竜ゲージが溜まりやすくなり回避カウンターが取りやすくなる
鋼殻の恩恵,鋼殻の恩恵Lv1,1,シリーズスキル,水と氷の属性攻撃値を１．０５倍にする,110,1010,6,クシャルダオラの力を得て、レベルに応じた特殊な恩恵を受ける。,鋼殻の恩恵 鋼殻の恩恵Lv1 クシャルダオラの力を得て、レベルに応じた特殊な恩恵を受ける。 水と氷の属性攻撃値を１．０５倍にする
鋼殻の恩恵,鋼殻の恩恵Lv2,2,シリーズスキル,水と氷の属性攻撃値を１．１倍にする,110,1010,6,クシャルダオラの力を得て、レベルに応じた特殊な恩恵を受ける。,鋼殻の恩恵 鋼殻の恩恵Lv2 クシャルダオラの力を得て、レベルに応じた特殊な恩恵を受ける。 水と氷の属性攻撃値を１．１倍にする
鋼殻の恩恵,鋼殻の恩恵Lv3,3,シリーズスキル,更に体力の自動回復が、ゲージの最大値まで継続する,110,1010,6,クシャルダオラの力を得て、レベルに応じた特殊な恩恵を受ける。,鋼殻の恩恵 鋼殻の恩恵Lv3 クシャルダオラの力を得て、レベルに応じた特殊な恩恵を受ける。 更に体力の自動回復が、ゲージの最大値まで継続する
鋼殻の恩恵,鋼殻の恩恵Lv4,4,シリーズスキル,更に熱によるダメージを無効化する,110,1010,6,クシャルダオラの力を得て、レベルに応じた特殊な恩恵を受ける。,鋼殻の恩恵 鋼殻の恩恵Lv4 クシャルダオラの力を得て、レベルに応じた特殊な恩恵を受ける。 更に熱によるダメージを無効化する
霞皮の恩恵,霞皮の恩恵Lv1,1,シリーズスキル,ヒトダマドリの効果を稀に増やす,120,1020,6,オオナズチの力を得て、レベルに応じた特殊な恩恵を受ける。,霞皮の恩恵 霞皮の恩恵Lv1 オオナズチの力を得て、レベルに応じた特殊な恩恵を受ける。 ヒトダマドリの効果を稀に増やす
霞皮の恩恵,霞皮の恩恵Lv2,2,シリーズスキル,更に風圧【小】【大】を無効化する,120,1020,6,オオナズチの力を得て、レベルに応じた特殊な恩恵を受ける。,霞皮の恩恵 霞皮の恩恵Lv2 オオナズチの力を得て、レベルに応じた特殊な恩恵を受ける。 更に風圧【小】【大】を無効化する
霞皮の恩恵,霞皮の恩恵Lv3,3,シリーズスキル,更にモンスターに与える毒の効果時間を高める,120,1020,6,オオナズチの力を得て、レベルに応じた特殊な恩恵を受ける。,霞皮の恩恵 霞皮の恩恵Lv3 オオナズチの力を得て、レベルに応じた特殊な恩恵を受ける。 更にモンスターに与える毒の効果時間を高める
霞皮の恩恵,霞皮の恩恵Lv4,4,シリーズスキル,更に全ての風圧を無効化する,120,1020,6,オオナズチの力を得て、レベルに応じた特殊な恩恵を受ける。,霞皮の恩恵 霞皮の恩恵Lv4 オオナズチの力を得て、レベルに応じた特殊な恩恵を受ける。 更に全ての風圧を無効化する
炎鱗の恩恵,炎鱗の恩恵Lv1,1,シリーズスキル,火の属性攻撃値と爆破の蓄積値を１．０５倍にする,130,1030,6,テオ・テスカトルの力を得て、レベルに応じた特殊な恩恵を受ける。,炎鱗の恩恵 炎鱗の恩恵Lv1 テオ・テスカトルの力を得て、レベルに応じた特殊な恩恵を受ける。 火の属性攻撃値と爆破の蓄積値を１．０５倍にする
炎鱗の恩恵,炎鱗の恩恵Lv2,2,シリーズスキル,火の属性攻撃値と爆破の蓄積値を１．１倍にする,130,1030,6,テオ・テスカトルの力を得て、レベルに応じた特殊な恩恵を受ける。,炎鱗の恩恵 炎鱗の恩恵Lv2 テオ・テスカトルの力を得て、レベルに応じた特殊な恩恵を受ける。 火の属性攻撃値と爆破の蓄積値を１．１倍にする
炎鱗の恩恵,炎鱗の恩恵Lv3,3,シリーズスキル,更に毒と猛毒状態にならない,130,1030,6,テオ・テスカトルの力を得て、レベルに応じた特殊な恩恵を受ける。,炎鱗の恩恵 炎鱗の恩恵Lv3 テオ・テスカトルの力を得て、レベルに応じた特殊な恩恵を受ける。 更に毒と猛毒状態にならない
炎鱗の恩恵,炎鱗の恩恵Lv4,4,シリーズスキル,更に盗みを無効化する,130,1030,6,テオ・テスカトルの力を得て、レベルに応じた特殊な恩恵を受ける。,炎鱗の恩恵 炎鱗の恩恵Lv4 テオ・テスカトルの力を得て、レベルに応じた特殊な恩恵を受ける。 更に盗みを無効化する
風紋の一致,風紋の一致Lv1,1,シリーズスキル,龍耐性+1,94,940,,イブシマキヒコの力を得て、レベルに応じた特殊な恩恵を受ける。,風紋の一致 風紋の一致Lv1 イブシマキヒコの力を得て、レベルに応じた特殊な恩恵を受ける。 龍耐性+1
風紋の一致,風紋の一致Lv2,2,シリーズスキル,龍耐性+2,94,940,,イブシマキヒコの力を得て、レベルに応じた特殊な恩恵を受ける。,風紋の一致 風紋の一致Lv2 イブシマキヒコの力を得て、レベルに応じた特殊な恩恵を受ける。 龍耐性+2
風紋の一致,風紋の一致Lv3,3,シリーズスキル,龍耐性+3,94,940,,イブシマキヒコの力を得て、レベルに応じた特殊な恩恵を受ける。,風紋の一致 風紋の一致Lv3 イブシマキヒコの力を得て、レベルに応じた特殊な恩恵を受ける。 龍耐性+3
風紋の一致,風紋の一致Lv4,4,シリーズスキル,龍耐性+4,94,940,,イブシマキヒコの力を得て、レベルに応じた特殊な恩恵を受ける。,風紋の一致 風紋の一致Lv4 イブシマキヒコの力を得て、レベルに応じた特殊な恩恵を受ける。 龍耐性+4
風紋の一致,風紋の一致Lv5,5,シリーズスキル,さらに強運の効果を得る,94,940,,イブシマキヒコの力を得て、レベルに応じた特殊な恩恵を受ける。,風紋の一致 風紋の一致Lv5 イブシマキヒコの力を得て、レベルに応じた特殊な恩恵を受ける。 さらに強運の効果を得る
雷紋の一致,雷紋の一致Lv1,1,シリーズスキル,雷耐性+1,95,950,,ナルハタタヒメの力を得て、レベルに応じた特殊な恩恵を受ける。,雷紋の一致 雷紋の一致Lv1 ナルハタタヒメの力を得て、レベルに応じた特殊な恩恵を受ける。 雷耐性+1
雷紋の一致,雷紋の一致Lv2,2,シリーズスキル,雷耐性+2,95,950,,ナルハタタヒメの力を得て、レベルに応じた特殊な恩恵を受ける。,雷紋の一致 雷紋の一致Lv2 ナルハタタヒメの力を得て、レベルに応じた特殊な恩恵を受ける。 雷耐性+2
雷紋の一致,雷紋の一致Lv3,3,シリーズスキル,雷耐性+3,95,950,,ナルハタタヒメの力を得て、レベルに応じた特殊な恩恵を受ける。,雷紋の一致 雷紋の一致Lv3 ナルハタタヒメの力を得て、レベルに応じた特殊な恩恵を受ける。 雷耐性+3
雷紋の一致,雷紋の一致Lv4,4,シリーズスキル,雷耐性+4,95,950,,ナルハタタヒメの力を得て、レベルに応じた特殊な恩恵を受ける。,雷紋の一致 雷紋の一致Lv4 ナルハタタヒメの力を得て、レベルに応じた特殊な恩恵を受ける。 雷耐性+4
雷紋の一致,雷紋の一致Lv5,5,シリーズスキル,さらに強運の効果を得る,95,950,,ナルハタタヒメの力を得て、レベルに応じた特殊な恩恵を受ける。,雷紋の一致 雷紋の一致Lv5 ナルハタタヒメの力を得て、レベルに応じた特殊な恩恵を受ける。 さらに強運の効果を得る
風雷合一,風雷合一Lv1,1,シリーズスキル,雷と龍の属性攻撃値を１．０５倍にする,200,1100,,雷・龍属性を強化し、特定スキルの効果を高める。,風雷合一 風雷合一Lv1 雷・龍属性を強化し、特定スキルの効果を高める。 雷と龍の属性攻撃値を１．０５倍にする
風雷合一,風雷合一Lv2,2,シリーズスキル,雷と龍の属性攻撃値を１．１倍にする,200,1100,,雷・龍属性を強化し、特定スキルの効果を高める。,風雷合一 風雷合一Lv2 雷・龍属性を強化し、特定スキルの効果を高める。 雷と龍の属性攻撃値を１．１倍にする
風雷合一,風雷合一Lv3,3,シリーズスキル,雷と龍の属性攻撃値を１．１５倍にする,200,1100,,雷・龍属性を強化し、特定スキルの効果を高める。,風雷合一 風雷合一Lv3 雷・龍属性を強化し、特定スキルの効果を高める。 雷と龍の属性攻撃値を１．１５倍にする
風雷合一,風雷合一Lv4,4,シリーズスキル,さらにこのスキル以外の防具のスキルレベルを＋１する,200,1100,,雷・龍属性を強化し、特定スキルの効果を高める。,風雷合一 風雷合一Lv4 雷・龍属性を強化し、特定スキルの効果を高める。 さらにこのスキル以外の防具のスキルレベルを＋１する
風雷合一,風雷合一Lv5,5,シリーズスキル,さらにこのスキル以外の防具のスキルレベルをもう＋１する,200,1100,,雷・龍属性を強化し、特定スキルの効果を高める。,風雷合一 風雷合一Lv5 雷・龍属性を強化し、特定スキルの効果を高める。 さらにこのスキル以外の防具のスキルレベルをもう＋１する
龍気活性,龍気活性Lv1,1,戦闘(攻撃),体力50％以下で特殊な龍やられを発症し、全ての属性耐性が30になる。,210,1110,9,体力が一定以下になると龍属性が活性化し、武器の他属性効果を失う。,龍気活性 龍気活性Lv1 体力が一定以下になると龍属性が活性化し、武器の他属性効果を失う。 体力50％以下で特殊な龍やられを発症し、全ての属性耐性が30になる。
龍気活性,龍気活性Lv2,2,戦闘(攻撃),体力50％以下で特殊な龍やられを発症し、全ての属性耐性が50になる。,210,1110,9,体力が一定以下になると龍属性が活性化し、武器の他属性効果を失う。,龍気活性 龍気活性Lv2 体力が一定以下になると龍属性が活性化し、武器の他属性効果を失う。 体力50％以下で特殊な龍やられを発症し、全ての属性耐性が50になる。
龍気活性,龍気活性Lv3,3,戦闘(攻撃),体力70％以下で特殊な龍やられを発症し、全ての属性耐性が50になる。,210,1110,9,体力が一定以下になると龍属性が活性化し、武器の他属性効果を失う。,龍気活性 龍気活性Lv3 体力が一定以下になると龍属性が活性化し、武器の他属性効果を失う。 体力70％以下で特殊な龍やられを発症し、全ての属性耐性が50になる。
龍気活性,龍気活性Lv4,4,戦闘(攻撃),体力70％以下で特殊な龍やられを発症し全ての属性耐性が50になり、攻撃力1.05倍。,210,1110,9,体力が一定以下になると龍属性が活性化し、武器の他属性効果を失う。,龍気活性 龍気活性Lv4 体力が一定以下になると龍属性が活性化し、武器の他属性効果を失う。 体力70％以下で特殊な龍やられを発症し全ての属性耐性が50になり、攻撃力1.05倍。
龍気活性,龍気活性Lv5,5,戦闘(攻撃),体力80％以下で特殊な龍やられを発症し全ての属性耐性が50になり、攻撃力1.1倍。,210,1110,9,体力が一定以下になると龍属性が活性化し、武器の他属性効果を失う。,龍気活性 龍気活性Lv5 体力が一定以下になると龍属性が活性化し、武器の他属性効果を失う。 体力80％以下で特殊な龍やられを発症し全ての属性耐性が50になり、攻撃力1.1倍。
業鎧【修羅】,業鎧【修羅】Lv1,1,戦闘(攻撃),疾替えの書〖朱〗使用中、攻撃力+15、防御力-50。疾替えの書〖蒼〗使用中、属性値1.05倍、全属性耐性-10,,,9,防御性能を下げる代わりに攻撃性能を高め、効果内容は疾替えの書で変化する。,業鎧【修羅】 業鎧【修羅】Lv1 防御性能を下げる代わりに攻撃性能を高め、効果内容は疾替えの書で変化する。 疾替えの書〖朱〗使用中、攻撃力+15、防御力-50。疾替えの書〖蒼〗使用中、属性値1.05倍、全属性耐性-10
業鎧【修羅】,業鎧【修羅】Lv2,2,戦闘(攻撃),疾替えの書〖朱〗使用中、攻撃力+25、防御力-75。疾替えの書〖蒼〗使用中、属性値1.10倍、全属性耐性-25,,,9,防御性能を下げる代わりに攻撃性能を高め、効果内容は疾替えの書で変化する。,業鎧【修羅】 業鎧【修羅】Lv2 防御性能を下げる代わりに攻撃性能を高め、効果内容は疾替えの書で変化する。 疾替えの書〖朱〗使用中、攻撃力+25、防御力-75。疾替えの書〖蒼〗使用中、属性値1.10倍、全属性耐性-25
業鎧【修羅】,業鎧【修羅】Lv3,3,戦闘(攻撃),疾替えの書〖朱〗使用中、攻撃力+35、防御力-100。疾替えの書〖蒼〗使用中、属性値1.20倍、全属性耐性-50,,,9,防御性能を下げる代わりに攻撃性能を高め、効果内容は疾替えの書で変化する。,業鎧【修羅】 業鎧【修羅】Lv3 防御性能を下げる代わりに攻撃性能を高め、効果内容は疾替えの書で変化する。 疾替えの書〖朱〗使用中、攻撃力+35、防御力-100。疾替えの書〖蒼〗使用中、属性値1.20倍、全属性耐性-50
伏魔響命,伏魔響命Lv1,1,戦闘(攻撃),疾替えの書〖朱〗使用中、属性値、状態異常蓄積値が上昇。疾替えの書〖蒼〗使用中、攻撃力、気絶威力が上昇,,,,キュリアに体力を奪われ続ける代わりに攻撃性能を高め、キュリア増加でさらに強化し、疾替えで回復する。,伏魔響命 伏魔響命Lv1 キュリアに体力を奪われ続ける代わりに攻撃性能を高め、キュリア増加でさらに強化し、疾替えで回復する。 疾替えの書〖朱〗使用中、属性値、状態異常蓄積値が上昇。疾替えの書〖蒼〗使用中、攻撃力、気絶威力が上昇
伏魔響命,伏魔響命Lv2,2,戦闘(攻撃),疾替えの書ごとの攻撃性能が上昇,,,,キュリアに体力を奪われ続ける代わりに攻撃性能を高め、キュリア増加でさらに強化し、疾替えで回復する。,伏魔響命 伏魔響命Lv2 キュリアに体力を奪われ続ける代わりに攻撃性能を高め、キュリア増加でさらに強化し、疾替えで回復する。 疾替えの書ごとの攻撃性能が上昇
伏魔響命,伏魔響命Lv3,3,戦闘(攻撃),疾替えの書ごとの攻撃性能がさらに上昇,,,,キュリアに体力を奪われ続ける代わりに攻撃性能を高め、キュリア増加でさらに強化し、疾替えで回復する。,伏魔響命 伏魔響命Lv3 キュリアに体力を奪われ続ける代わりに攻撃性能を高め、キュリア増加でさらに強化し、疾替えで回復する。 疾替えの書ごとの攻撃性能がさらに上昇
奮闘,奮闘Lv1,1,戦闘(攻撃),赤ゲージの長さに応じて、属性値1.05倍〜1.10倍、会心率+5%〜+10%。,,,9,赤ゲージが長いほど会心率と属性攻撃力を高める。,奮闘 奮闘Lv1 赤ゲージが長いほど会心率と属性攻撃力を高める。 赤ゲージの長さに応じて、属性値1.05倍〜1.10倍、会心率+5%〜+10%。
奮闘,奮闘Lv2,2,戦闘(攻撃),赤ゲージの長さに応じて、属性値1.10倍〜1.15倍、会心率+10%〜+15%。,,,9,赤ゲージが長いほど会心率と属性攻撃力を高める。,奮闘 奮闘Lv2 赤ゲージが長いほど会心率と属性攻撃力を高める。 赤ゲージの長さに応じて、属性値1.10倍〜1.15倍、会心率+10%〜+15%。
奮闘,奮闘Lv3,3,戦闘(攻撃),赤ゲージの長さに応じて、属性値1.15倍〜1.20倍、会心率+10%〜+20%。最大時はスタミナ消費無効。,,,9,赤ゲージが長いほど会心率と属性攻撃力を高める。,奮闘 奮闘Lv3 赤ゲージが長いほど会心率と属性攻撃力を高める。 赤ゲージの長さに応じて、属性値1.15倍〜1.20倍、会心率+10%〜+20%。最大時はスタミナ消費無効。
狂化,狂化Lv1,1,戦闘(攻撃),疾替えの書〖蒼〗使用中、体力がすべて赤ゲージになり、徐々に減少する。赤ゲージが残っている限り攻撃で力尽きない。,,,,蒼の書で体力が赤ゲージ化して徐々に減少する代わりに、赤ゲージが残る限りダメージで力尽きなくなる。,狂化 狂化Lv1 蒼の書で体力が赤ゲージ化して徐々に減少する代わりに、赤ゲージが残る限りダメージで力尽きなくなる。 疾替えの書〖蒼〗使用中、体力がすべて赤ゲージになり、徐々に減少する。赤ゲージが残っている限り攻撃で力尽きない。
狂化,狂化Lv2,2,戦闘(攻撃),疾替えの書〖蒼〗使用中、赤ゲージの減少速度が遅くなる。,,,,蒼の書で体力が赤ゲージ化して徐々に減少する代わりに、赤ゲージが残る限りダメージで力尽きなくなる。,狂化 狂化Lv2 蒼の書で体力が赤ゲージ化して徐々に減少する代わりに、赤ゲージが残る限りダメージで力尽きなくなる。 疾替えの書〖蒼〗使用中、赤ゲージの減少速度が遅くなる。
風纏,風纏Lv1,1,戦闘(攻撃),鉄蟲糸技使用時、15秒間風を纏い、翔蟲ゲージの回復速度が上昇。攻撃を当て続けると効果が持続し上昇量が増加。納刀で解除。,,,9,鉄蟲糸技の使用で風を纏い、翔蟲ゲージ回復を速める。攻撃を続けると効果が強まり、納刀で解除される。,風纏 風纏Lv1 鉄蟲糸技の使用で風を纏い、翔蟲ゲージ回復を速める。攻撃を続けると効果が強まり、納刀で解除される。 鉄蟲糸技使用時、15秒間風を纏い、翔蟲ゲージの回復速度が上昇。攻撃を当て続けると効果が持続し上昇量が増加。納刀で解除。
風纏,風纏Lv2,2,戦闘(攻撃),翔蟲ゲージの回復速度の上昇量が増加。,,,9,鉄蟲糸技の使用で風を纏い、翔蟲ゲージ回復を速める。攻撃を続けると効果が強まり、納刀で解除される。,風纏 風纏Lv2 鉄蟲糸技の使用で風を纏い、翔蟲ゲージ回復を速める。攻撃を続けると効果が強まり、納刀で解除される。 翔蟲ゲージの回復速度の上昇量が増加。
風纏,風纏Lv3,3,戦闘(攻撃),翔蟲ゲージの回復速度の上昇量がさらに増加。,,,9,鉄蟲糸技の使用で風を纏い、翔蟲ゲージ回復を速める。攻撃を続けると効果が強まり、納刀で解除される。,風纏 風纏Lv3 鉄蟲糸技の使用で風を纏い、翔蟲ゲージ回復を速める。攻撃を続けると効果が強まり、納刀で解除される。 翔蟲ゲージの回復速度の上昇量がさらに増加。
粉塵纏,粉塵纏Lv1,1,戦闘(攻撃),粉塵が赤い時にふきとばされる攻撃を受けると爆発が発生。粉塵が青い時、攻撃を当てると攻撃箇所に爆発を発生させる。,,,9,攻撃を当て続けると粉塵が舞い、時間経過で色が変化して異なる効果を得る。,粉塵纏 粉塵纏Lv1 攻撃を当て続けると粉塵が舞い、時間経過で色が変化して異なる効果を得る。 粉塵が赤い時にふきとばされる攻撃を受けると爆発が発生。粉塵が青い時、攻撃を当てると攻撃箇所に爆発を発生させる。
粉塵纏,粉塵纏Lv2,2,戦闘(攻撃),粉塵を纏うために必要な攻撃回数が減少。,,,9,攻撃を当て続けると粉塵が舞い、時間経過で色が変化して異なる効果を得る。,粉塵纏 粉塵纏Lv2 攻撃を当て続けると粉塵が舞い、時間経過で色が変化して異なる効果を得る。 粉塵を纏うために必要な攻撃回数が減少。
粉塵纏,粉塵纏Lv3,3,戦闘(攻撃),粉塵を纏うために必要な攻撃回数がさらに減少。,,,9,攻撃を当て続けると粉塵が舞い、時間経過で色が変化して異なる効果を得る。,粉塵纏 粉塵纏Lv3 攻撃を当て続けると粉塵が舞い、時間経過で色が変化して異なる効果を得る。 粉塵を纏うために必要な攻撃回数がさらに減少。
冰気錬成,冰気錬成Lv1,1,戦闘(攻撃),納刀中、冰気が高まり、ゲージ最大時に攻撃力・属性値1.05倍。攻撃すると冰気を消費する。,,,12,納刀中に冰気を蓄積し、攻撃力を強化する。攻撃や射撃で冰気を消費する。,冰気錬成 冰気錬成Lv1 納刀中に冰気を蓄積し、攻撃力を強化する。攻撃や射撃で冰気を消費する。 納刀中、冰気が高まり、ゲージ最大時に攻撃力・属性値1.05倍。攻撃すると冰気を消費する。
冰気錬成,冰気錬成Lv2,2,戦闘(攻撃),冰気ゲージが延長され、ゲージ最大時に攻撃力・属性値1.20倍。,,,12,納刀中に冰気を蓄積し、攻撃力を強化する。攻撃や射撃で冰気を消費する。,冰気錬成 冰気錬成Lv2 納刀中に冰気を蓄積し、攻撃力を強化する。攻撃や射撃で冰気を消費する。 冰気ゲージが延長され、ゲージ最大時に攻撃力・属性値1.20倍。
冰気錬成,冰気錬成Lv3,3,戦闘(攻撃),冰気ゲージがさらに延長され、ゲージ最大時に攻撃力・属性値1.30倍。,,,12,納刀中に冰気を蓄積し、攻撃力を強化する。攻撃や射撃で冰気を消費する。,冰気錬成 冰気錬成Lv3 納刀中に冰気を蓄積し、攻撃力を強化する。攻撃や射撃で冰気を消費する。 冰気ゲージがさらに延長され、ゲージ最大時に攻撃力・属性値1.30倍。
龍気変換,龍気変換Lv1,1,戦闘(攻撃),疾替えの書〖朱〗使用中、属性耐性値を属性攻撃値へ変換。疾替えの書〖蒼〗使用中、攻撃を当て続けると属性耐性値が上昇。全属性耐性値+3。,,,12,朱の書では属性耐性を属性攻撃値へ変換し、蒼の書では攻撃を続けることで属性耐性を高める。,龍気変換 龍気変換Lv1 朱の書では属性耐性を属性攻撃値へ変換し、蒼の書では攻撃を続けることで属性耐性を高める。 疾替えの書〖朱〗使用中、属性耐性値を属性攻撃値へ変換。疾替えの書〖蒼〗使用中、攻撃を当て続けると属性耐性値が上昇。全属性耐性値+3。
龍気変換,龍気変換Lv2,2,戦闘(攻撃),疾替えの書〖蒼〗使用中、攻撃を当て続けた際の属性耐性値上昇量が増加。全属性耐性値+5。,,,12,朱の書では属性耐性を属性攻撃値へ変換し、蒼の書では攻撃を続けることで属性耐性を高める。,龍気変換 龍気変換Lv2 朱の書では属性耐性を属性攻撃値へ変換し、蒼の書では攻撃を続けることで属性耐性を高める。 疾替えの書〖蒼〗使用中、攻撃を当て続けた際の属性耐性値上昇量が増加。全属性耐性値+5。
龍気変換,龍気変換Lv3,3,戦闘(攻撃),疾替えの書〖朱〗使用中、属性攻撃値への変換率が上昇。全属性耐性値+10。,,,12,朱の書では属性耐性を属性攻撃値へ変換し、蒼の書では攻撃を続けることで属性耐性を高める。,龍気変換 龍気変換Lv3 朱の書では属性耐性を属性攻撃値へ変換し、蒼の書では攻撃を続けることで属性耐性を高める。 疾替えの書〖朱〗使用中、属性攻撃値への変換率が上昇。全属性耐性値+10。
緩衝,緩衝Lv1,1,戦闘(生存),同行する仲間に攻撃を当てた際、または仲間からの攻撃が当たった際、それぞれのダメージリアクションを無効化する。（特定の状態異常中は効果無効）,,,,同行する仲間との攻撃で生じるダメージリアクションを無効化する。,緩衝 緩衝Lv1 同行する仲間との攻撃で生じるダメージリアクションを無効化する。 同行する仲間に攻撃を当てた際、または仲間からの攻撃が当たった際、それぞれのダメージリアクションを無効化する。（特定の状態異常中は効果無効）
狂竜症【翔】,狂竜症【翔】Lv1,1,クエスト,狂竜症を克服すると、30秒間翔蟲ゲージが1ゲージ増える。納刀状態になると短時間で効果解除。,,,9,狂竜症を克服すると一定時間翔蟲ゲージが1ゲージ増え、納刀で短時間のうちに解除される。,狂竜症【翔】 狂竜症【翔】Lv1 狂竜症を克服すると一定時間翔蟲ゲージが1ゲージ増え、納刀で短時間のうちに解除される。 狂竜症を克服すると、30秒間翔蟲ゲージが1ゲージ増える。納刀状態になると短時間で効果解除。
狂竜症【翔】,狂竜症【翔】Lv2,2,クエスト,狂竜症を克服すると、60秒間翔蟲ゲージが1ゲージ増える。納刀状態になると短時間で効果解除。,,,9,狂竜症を克服すると一定時間翔蟲ゲージが1ゲージ増え、納刀で短時間のうちに解除される。,狂竜症【翔】 狂竜症【翔】Lv2 狂竜症を克服すると一定時間翔蟲ゲージが1ゲージ増え、納刀で短時間のうちに解除される。 狂竜症を克服すると、60秒間翔蟲ゲージが1ゲージ増える。納刀状態になると短時間で効果解除。
狂竜症【翔】,狂竜症【翔】Lv3,3,クエスト,狂竜症を克服すると、90秒間翔蟲ゲージが1ゲージ増える。納刀状態になると短時間で効果解除。,,,9,狂竜症を克服すると一定時間翔蟲ゲージが1ゲージ増え、納刀で短時間のうちに解除される。,狂竜症【翔】 狂竜症【翔】Lv3 狂竜症を克服すると一定時間翔蟲ゲージが1ゲージ増え、納刀で短時間のうちに解除される。 狂竜症を克服すると、90秒間翔蟲ゲージが1ゲージ増える。納刀状態になると短時間で効果解除。
天衣無崩,天衣無崩Lv1,1,戦闘(攻撃),大型モンスターの狩猟中、ダメージを受けない状態を続けると効果発動。スタミナ消費軽減と1度だけダメージ軽減。疾替えで斬れ味回復・弾装填。,,,,大型モンスターとの戦闘中、ダメージを受けない状態を続けると効果が発動し、条件を外すと解除される。,天衣無崩 天衣無崩Lv1 大型モンスターとの戦闘中、ダメージを受けない状態を続けると効果が発動し、条件を外すと解除される。 大型モンスターの狩猟中、ダメージを受けない状態を続けると効果発動。スタミナ消費軽減と1度だけダメージ軽減。疾替えで斬れ味回復・弾装填。
天衣無崩,天衣無崩Lv2,2,戦闘(攻撃),効果発動までの時間短縮。,,,,大型モンスターとの戦闘中、ダメージを受けない状態を続けると効果が発動し、条件を外すと解除される。,天衣無崩 天衣無崩Lv2 大型モンスターとの戦闘中、ダメージを受けない状態を続けると効果が発動し、条件を外すと解除される。 効果発動までの時間短縮。
天衣無崩,天衣無崩Lv3,3,戦闘(攻撃),さらにスタミナ消費無効・斬れ味消費無効。疾替えで状態異常を解除・軽減。,,,,大型モンスターとの戦闘中、ダメージを受けない状態を続けると効果が発動し、条件を外すと解除される。,天衣無崩 天衣無崩Lv3 大型モンスターとの戦闘中、ダメージを受けない状態を続けると効果が発動し、条件を外すと解除される。 さらにスタミナ消費無効・斬れ味消費無効。疾替えで状態異常を解除・軽減。
血氣覚醒,血氣覚醒Lv1,1,戦闘(攻撃),攻撃を当てることで回復した体力量に応じて、30秒間攻撃性能が段階的に上昇。1段階目は回復量50、2段階目は回復量150。,,,,攻撃で回復した体力量に応じて、一定時間攻撃性能を段階的に高める。,血氣覚醒 血氣覚醒Lv1 攻撃で回復した体力量に応じて、一定時間攻撃性能を段階的に高める。 攻撃を当てることで回復した体力量に応じて、30秒間攻撃性能が段階的に上昇。1段階目は回復量50、2段階目は回復量150。
血氣覚醒,血氣覚醒Lv2,2,戦闘(攻撃),1段階目：攻撃力+5（ガンナー+4）、属性+5（ガンナー+4）。2段階目：攻撃力+20（ガンナー+15）、属性+20（ガンナー+10）。,,,,攻撃で回復した体力量に応じて、一定時間攻撃性能を段階的に高める。,血氣覚醒 血氣覚醒Lv2 攻撃で回復した体力量に応じて、一定時間攻撃性能を段階的に高める。 1段階目：攻撃力+5（ガンナー+4）、属性+5（ガンナー+4）。2段階目：攻撃力+20（ガンナー+15）、属性+20（ガンナー+10）。
血氣覚醒,血氣覚醒Lv3,3,戦闘(攻撃),1段階目：攻撃力+15（ガンナー+10）、属性+15（ガンナー+8）。2段階目：攻撃力+40（ガンナー+25）、属性+30（ガンナー+15）。,,,,攻撃で回復した体力量に応じて、一定時間攻撃性能を段階的に高める。,血氣覚醒 血氣覚醒Lv3 攻撃で回復した体力量に応じて、一定時間攻撃性能を段階的に高める。 1段階目：攻撃力+15（ガンナー+10）、属性+15（ガンナー+8）。2段階目：攻撃力+40（ガンナー+25）、属性+30（ガンナー+15）。
激励,激励Lv1,1,クエスト,旋律効果など、一定範囲内の仲間に作用する効果を発動した際、20秒間、攻撃力+10の効果を追加で与える。,,,,旋律など一定範囲の仲間に作用する効果を発動すると、短時間攻撃力上昇を追加する。,激励 激励Lv1 旋律など一定範囲の仲間に作用する効果を発動すると、短時間攻撃力上昇を追加する。 旋律効果など、一定範囲内の仲間に作用する効果を発動した際、20秒間、攻撃力+10の効果を追加で与える。
